{
  "metadata":{
    "branch" : "BT",
    "semester" : 3,
    "section": 1,
    "last_updated" : "06-08-2015"
  },
  "subjects": [
    {
      "code": "BT-201",
      "title": "Cell Biology"
    },
    {
      "code": "BT-202",
      "title": "Biochemistry"
    },
    {
      "code": "BT-203",
      "title": "Microbiology"
    },
    {
      "code": "BT-204",
      "title": "Basics of Computer Sys. and Program"
    },
    {
      "code": "BT-205",
      "title": "Basic Electronics and Instrumentation"
    },
    {
      "code": "BT-206",
      "title": "Cell Biology Lab"
    },
    {
      "code": "BT-207",
      "title": "Biochemistry and Microbiology Lab"
    },
    {
      "code": "BT-208",
      "title": "Basics of Computer Sys. and Prog. Lab"
    },
    {
      "code": "BT-209",
      "title": "Basic Electronics and Instrumentation Lab"
    }
  ],
  "professors": [
    {
      "codename": "AD",
      "fullname": "Akhilesh Dubey"
    },
    {
      "codename": "YK",
      "fullname": "Yatender Kumar"
    },
    {
      "codename": "SS",
      "fullname": "Shilpa Sharma"
    },
    {
      "codename": "KS",
      "fullname": "Khushil Saini"
    },
    {
      "codename": "AKD",
      "fullname": "AK Dubey"
    },
    {
      "codename": "UB",
      "fullname": "Urvashi Bansal"
    }
  ],
  "timetable": [
    [
      {
        "subject": "BT-205",
        "professor": "ECE",
        "type": "theory",
        "room": "ECE"
      },
      {
        "subject": "BT-201",
        "professor": "AD",
        "type": "theory",
        "room": ""
      },
      {
        "subject": "BT-207",
        "professorFH": "AKD",
        "type": "lab",
        "roomFH": "311/IV",
        "professorSH": "",
        "roomSH": ""
      },
      {
        "subject": "BT-207",
        "professorFH": "AKD",
        "type": "lab",
        "roomFH": "311/IV",
        "professorSH": "",
        "roomSH": ""
      },
      {
        "subject": "BT-207",
        "professorFH": "AKD",
        "type": "lab",
        "roomFH": "311/IV",
        "professorSH": "",
        "roomSH": ""
      },
      {
        "subject": "break"
      },
      {
        "subject": "BT-204",
        "professor": "KS",
        "type": "theory",
        "room": ""
      },
      {
        "subject": "BT-203",
        "professor": "SS",
        "type": "theory",
        "room": ""
      },
      {
        "subject": "BT-202",
        "professor": "YK",
        "type": "theory",
        "room": ""
      },
      {
        "subject": "break"
      }
    ],
    [
      {
        "subject": "BT-201",
        "professor": "AD",
        "type": "theory",
        "room": ""
      },
      {
        "subject": "BT-205",
        "professor": "ECE",
        "type": "theory",
        "room": ""
      },
      {
        "subject": "BT-202",
        "professor": "YK",
        "type": "theory",
        "room": ""
      },
      {
        "subject": "BT-203",
        "professor": "SS",
        "type": "theory",
        "room": ""
      },
      {
        "subject": "BT-204",
        "professor": "KS",
        "type": "theory",
        "room": ""
      },
      {
        "subject": "break"
      },
      {
        "subject": "break"
      },
      {
        "subject": "break"
      },
      {
        "subject": "break"
      },
      {
        "subject": "break"
      }
    ],
    [
      {
        "subject": "BT-203",
        "professor": "SS",
        "type": "theory",
        "room": ""
      },
      {
        "subject": "BT-204",
        "professor": "KS",
        "type": "theory",
        "room": ""
      },
      {
        "subject": "BT-202",
        "professor": "YK",
        "type": "theory",
        "room": ""
      },
      {
        "subject": "BT-201",
        "professor": "AD",
        "type": "theory",
        "room": ""
      },
      {
        "subject": " break"
      },
      {
        "subject": "BT-208",
        "professorFH": "KS",
        "type": "lab",
        "roomFH": "012/V",
        "professorSH": "",
        "roomSH": ""
      },
      {
        "subject": "BT-208",
        "professorFH": "KS",
        "type": "lab",
        "roomFH": "012/V",
        "professorSH": "",
        "roomSH": ""
      },
      {
        "subject": "BT-208",
        "professorFH": "KS",
        "type": "lab",
        "roomFH": "012/V",
        "professorSH": "",
        "roomSH": ""
      },
      {
        "subject": " break"
      },
      {
        "subject": " break"
      }
    ],
    [
      {
        "subject": "BT-204",
        "professor": "KS",
        "type": "theory",
        "room": ""
      },
      {
        "subject": "BT-206",
        "professorFH": "AD",
        "type": "lab",
        "roomFH": "311/IV",
        "professorSH": "",
        "roomSH": ""
      },
      {
        "subject": "BT-206",
        "professorFH": "AD",
        "type": "lab",
        "roomFH": "311/IV",
        "professorSH": "",
        "roomSH": ""
      },
      {
        "subject": "BT-206",
        "professorFH": "AD",
        "type": "lab",
        "roomFH": "311/IV",
        "professorSH": "",
        "roomSH": ""
      },
      {
        "subject": "BT-205",
        "professor": "ECE",
        "type": "theory",
        "room": "ECE"
      },
      {
        "subject": "break"
      },
      {
        "subject": "break"
      },
      {
        "subject": "break"
      },
      {
        "subject": "break"
      },
      {
        "subject": "break"
      }
    ],
    [

      {
        "subject": "BT-202",
        "professor": "YK",
        "type": "theory",
        "room": "" 
      },
      {
        "subject": "BT-201",
        "professor": "AD",
        "type": "theory",
        "room": ""
      },
      {
        "subject": "BT-203",
        "professor": "SS",
        "type": "theory",
        "room": "211/IV"
      },
      {
        "subject": "BT-205",
        "professor": "ECE",
        "type": "theory",
        "room": "ECE"
      },
      {
        "subject": "break"
      },
      {
        "subject": "BT-209",
        "professorFH": "UB",
        "type": "lab",
        "roomFH": "12A/IV",
        "professorSH": "",
        "roomSH": ""
      },
      {
        "subject": "BT-209",
        "professorFH": "UB",
        "type": "lab",
        "roomFH": "12A/IV",
        "professorSH": "",
        "roomSH": ""
      },
      {
        "subject": "break"
      },
      {
        "subject": "break"
      },
      {
        "subject": "break"
      }
    ],
    [
      {
        "subject": "break"
      },
      {
        "subject": "break"
      },
      {
        "subject": "break"
      },
      {
        "subject": "break"
      },
      {
        "subject": "break"
      },
      {
        "subject": "break"
      },
      {
        "subject": "break"
      },
      {
        "subject": "break"
      },
      {
        "subject": "break"
      },      
      {
        "subject": "break"
      }
    ],
    [
      {
        "subject": "break"
      },
      {
        "subject": "break"
      },
      {
        "subject": "break"
      },
      {
        "subject": "break"
      },
      {
        "subject": "break"
      },
      {
        "subject": "break"
      },
      {
        "subject": "break"
      },
      {
        "subject": "break"
      },
      {
        "subject": "break"
      },      
      {
        "subject": "break"
      }
    ]
  ]
}