{
  "metadata":{
    "branch" : "BT",
    "semester" : 7,
    "section": 1,
    "last_updated" : "06-08-2015"
  },
  "subjects": [
    {
      "code": "BT-401",
      "title": "Computational Biology"
    },
    {
      "code": "BT-402",
      "title": "Bioprocess Technology"
    },
    {
      "code": "BT-403",
      "title": "Downstream Processing"
    },
    {
      "code": "BT-404",
      "title": "Elective 1A; Environmental Biotech"
    },
    {
      "code": "BT-404",
      "title": "Elective 1B; Current Topis 1"
    },
    {
      "code": "BT-405",
      "title": "Management,Actg and Cost Control"
    },
    {
      "code": "BT-406",
      "title": "Computational Biology II Lab"
    },
    {
      "code": "BT-407",
      "title": "Bioprocess Technology Lab"
    },
    {
      "code": "BT-408",
      "title": "Downstream Processing Lab"
    },
    {
      "code": "BT-409",
      "title": "Practical Training"
    },
    {
      "code": "BT-410",
      "title": "Seminar"
    }
  ],
  "professors": [
    {
      "codename": "SB",
      "fullname": "Sonika Bhatnagar"
    },
    {
      "codename": "SK",
      "fullname": "Sanjeev Kumar"
    },
    {
      "codename": "VM",
      "fullname": "Vishal Meena"
    },
    {
      "codename": "AD",
      "fullname": "Akhilesh Dubey"
    },
    {
      "codename": "MT",
      "fullname": "Meenakshi Tiwary"
    },
    {
      "codename": "HK",
      "fullname": "Hemant Khanna"
    },
    {
      "codename": "AD",
      "fullname": "Akhilesh Dubey"
    },
    {
      "codename": "SK",
      "fullname": "Sanjeev Kumar & Ajay Kataria"
    },
    {
      "codename": "VM",
      "fullname": "Vishal Mishra"
    },
    {
      "codename": "YK",
      "fullname": "Yatender Kumar"
    },
    {
      "codename": "HK",
      "fullname": "Hemant Khanna"
    }
  ],
  "timetable": [
    [
      {
        "subject": "break"
      },
      {
        "subject": "BT-408",
        "professorFH": "VM",
        "type": "lab",
        "roomFH": "312/IV",
        "professorSH": "",
        "roomSH": ""
      },
      {
        "subject": "BT-408",
        "professorFH": "VM",
        "type": "lab",
        "roomFH": "312/IV",
        "professorSH": "",
        "roomSH": ""
      },
      {
        "subject": "BT-408",
        "professorFH": "VM",
        "type": "lab",
        "roomFH": "312/IV",
        "professorSH": "",
        "roomSH": ""
      },
      {
        "subject": "break"
      },
      {
        "subject": "BT-402",
        "professor": "SK",
        "type": "theory",
        "room": "113/IV"
      },
      {
        "subject": "BT-405",
        "professor": "HK",
        "type": "theory",
        "room": "113/IV"
      },
      {
        "subject": "BT-401",
        "professor": "SB",
        "type": "theory",
        "room": "113/IV"
      },
      {
        "subject": "BT-403",
        "professor": "VM",
        "type": "theory",
        "room": "113/IV"
      },
      {
        "subject": "BT-404",
        "professor": "AD,MT",
        "type": "theory",
        "room": "125/VI, 113/IV"
      }
    ],
    [
      {
        "subject": "break"
      },
      {
        "subject": "break"
      },
      {
        "subject": "break"
      },
      {
        "subject": "BT-405",
        "professor": "HK",
        "type": "theory",
        "room": "308/V"
      },
      {
        "subject": "break"
      },
      {
        "subject": "BT-402",
        "professorFH": "SK",
        "type": "lab",
        "roomFH": "125/VI",
        "professorSH": "",
        "roomSH": ""
      },
      {
        "subject": "BT-406",
        "professorFH": "AD",
        "type": "lab",
        "roomFH": "311/IV",
        "professorSH": "",
        "roomSH": ""
      },
      {
        "subject": "BT-406",
        "professorFH": "AD",
        "type": "lab",
        "roomFH": "311/IV",
        "professorSH": "",
        "roomSH": ""
      },
      {
        "subject": "BT-406",
        "professorFH": "AD",
        "type": "lab",
        "roomFH": "311/IV",
        "professorSH": "",
        "roomSH": ""
      },
      {
        "subject": "break"
      }
    ],
    [
      {
        "subject": "break"
      },
      {
        "subject": "break"
      },
      {
        "subject": "BT-403",
        "professor": "VM",
        "type": "theory",
        "room": "308/V"
      },
      {
        "subject": "BT-401",
        "professor": "SB",
        "type": "theory",
        "room": "308/V"
      },
      {
        "subject": "BT-405",
        "professor": "HK",
        "type": "theory",
        "room": "308/V"
      },
      {
        "subject": "break"
      },
      {
        "subject": "BT-410",
        "professor": "HK",
        "type": "theory",
        "room": "113/IV"
      },
      {
        "subject": "BT-404",
        "professor": "AD,MT",
        "type": "theory",
        "room": "125/VI,113/IV"
      },
      {
        "subject": "break"
      },
      {
        "subject": " break"
      }
    ],
    [
      {
        "subject": "break"
      },
      {
        "subject": "break"
      },
      {
        "subject": "BT-405",
        "professor": "HK",
        "type": "theory",
        "room": "125/VI"
      },
      {
        "subject": "BT-401",
        "professor": "SB",
        "type": "theory",
        "room": "125/VI"
      },
      {
        "subject": "break"
      },
      {
        "subject": "BT-402",
        "professor": "SK",
        "type": "theory",
        "room": "113/VI"
      },
      {
        "subject": "BT-404",
        "professor": "AD,MT",
        "type": "theory",
        "room": "125/VI,113/IV"
      },
      {
        "subject": "BT-407",
        "professorFH": "SK and AK",
        "type": "Lab",
        "roomFH": "311/IV",
        "professorSH": "",
        "roomSH": ""
      },
      {
        "subject": "BT-407",
        "professorFH": "SK and AK",
        "type": "Lab",
        "roomFH": "311/IV",
        "professorSH": "",
        "roomSH": ""
      },
      {
        "subject": "BT-407",
        "professorFH": "SK and AK",
        "type": "Lab",
        "roomFH": "311/IV",
        "professorSH": "",
        "roomSH": ""
      }
    ],
    [
      {
        "subject": "break"
      },
      {
        "subject": "break"
      },
      {
        "subject": "BT-403",
        "professor": "VM",
        "type": "theory",
        "room": "308/V" 
      },
      {
        "subject": "BT-401",
        "professor": "SB",
        "type": "theory",
        "room": "308/V"
      },
      {
        "subject": "break"
      },
      {
        "subject": "BT-402",
        "professor": "SK",
        "type": "theory",
        "room": "125/VI"
      },
      {
        "subject": "BT-410",
        "professor": "HK",
        "type": "theory",
        "room": "125/VI"
      },
      {
        "subject": "BT-403",
        "professor": "VM",
        "type": "theory",
        "room": "125/VI"
      },
      {
        "subject": "BT-404",
        "professor": "AD,MT",
        "type": "theory",
        "room": "125/VI,113/IV"
      },
      {
        "subject": "break"
      }
    ],
    [
      {
        "subject": "break"
      },
      {
        "subject": "break"
      },
      {
        "subject": "break"
      },
      {
        "subject": "break"
      },
      {
        "subject": "break"
      },
      {
        "subject": "break"
      },
      {
        "subject": "break"
      },
      {
        "subject": "break"
      },
      {
        "subject": "break"
      },      
      {
        "subject": "break"
      }
    ],
    [
      {
        "subject": "break"
      },
      {
        "subject": "break"
      },
      {
        "subject": "break"
      },
      {
        "subject": "break"
      },
      {
        "subject": "break"
      },
      {
        "subject": "break"
      },
      {
        "subject": "break"
      },
      {
        "subject": "break"
      },
      {
        "subject": "break"
      },      
      {
        "subject": "break"
      }
    ]
  ]
}