{
  "metadata":{
    "branch" : "COE",
    "semester" : 3,
    "section": 2,
    "last_updated" : "9-1-2015"
  },
  "subjects": [
    {
      "code": "COE-201",
      "title": "Electronics I"
    },
    {
      "code": "COE-202",
      "title": "Circuits And Systems"
    },
    {
      "code": "COE-203",
      "title": "Power Apparatus"
    },
    {
      "code": "COE-204",
      "title": "Electrical Measurements"
    },
    {
      "code": "COE-205",
      "title": "Mathematics III"
    },
    {
      "code": "COE-206",
      "title": "Electronics-I"
    },
    {
      "code": "COE-207",
      "title": "Power Apparatus"
    },
    {
      "code": "COE-208",
      "title": "Electrical Measurements"
    },
    {
      "code": "COE-209",
      "title": "Machine Drawing"
    },
    {
      "code": "COE-210",
      "title": "Programming-I"
    }
  ],
 "professors": [
    {
      "codename": "PS",
      "fullname": "Pragya Shilpi"
    },
    {
      "codename": "SK",
      "fullname": "Shashi Kant"
    },
    {
      "codename": "RJNS",
      "fullname": "Rajneesh Sharma"
    },
    {
      "codename": "NTS",
      "fullname": "Nitisha Shrivastva"
    },
    {
      "codename": "BG",
      "fullname": "Bhawna Gupta"
    },
    {
      "codename": "KWS",
      "fullname": "Kanwar Singh"
    },
    {
      "codename": "SM",
      "fullname": "Shailesh Mishra"
    },
    {
      "codename": "HSM",
      "fullname": "Hashmit Malik"
    },
    {
      "codename": "MS",
      "fullname": "Meenakshi Singh"
    },
    {
      "codename": "NKP",
      "fullname": "Nikhil Kr Pachuri"
    },
    {
      "codename": "PSH",
      "fullname": "Piyush Saxena"
    },
    {
      "codename": "VYA",
      "fullname": "Vijayant Agarwal"
    },
    {
      "codename": "RSK",
      "fullname": "RS Khand___"
    }
  ],
 "timetable": [
    [
      {
        "subject": "break"
      },
      {
        "subject": "COE-209",
        "type": "lab",
        "professorFH": "VVA",
        "roomFH": "233/VI",
        "professorSH": "RSK",
        "roomSH": "233/VI"
      },
      {
        "subject": "COE-209",
        "type": "lab",
        "professorFH": "VVA",
        "roomFH": "233/VI",
        "professorSH": "RSK",
        "roomSH": "233/VI"
      },
      {
        "subject": "COE-209",
        "type": "lab",
        "professorFH": "VVA",
        "roomFH": "233/VI",
        "professorSH": "RSK",
        "roomSH": "233/VI"
      },
      {
        "subject": "COE-205",
        "professor": "BG",
        "type": "theory",
        "room": "221/V"
      },
      {
        "subject": "break"
      },
      {
        "subject": "COE-203",
        "professor": "RJNS",
        "type": "theory",
        "room": "221/V"
      },
      {
        "subject": "COE-204",
        "professor": "NTS",
        "type": "theory",
        "room": "221/V"
      },
      {
        "subject": "COE-202",
        "professor": "SK",
        "type": "theory",
        "room": "221/V"
      },
      {
        "subject": "break"
      }
    ],
    [
      {
        "subject": "break"
      },
      {
        "subject": "COE-202",
        "professor": "SK",
        "type": "theory",
        "room": "221/V"
      },
      {
        "subject": "COE-201",
        "professor": "PS",
        "type": "theory",
        "room": "221/V"
      },
      {
        "subject": "COE-203",
        "professor": "RJNS",
        "type": "theory",
        "room": "221/V"
      },
      {
        "subject": "COE-205",
        "professor": "BG",
        "type": "theory",
        "room": "221/V"
      },
      {
        "subject": "break"
      },
      {
        "subject": "COE-204",
        "professor": "NTS",
        "type": "theory",
        "room": "222/V"
      },
      {
        "subject": "COE-206,COE-207",
        "type": "lab",
        "professorFH": "HSM",
        "roomFH": "008/VI",
        "professorSH": "KWS",
        "roomSH": "12(A)/IV"

      },
      {
        "subject": "COE-206,COE-207",
        "type": "lab",
        "professorFH": "HSM",
        "roomFH": "008/VI",
        "professorSH": "KWS",
        "roomSH": "12(A)/IV"

      },
      {
        "subject": "break"
      }
    ],
    [
      {
        "subject": "break"
      },
      {
        "subject": "COE-204",
        "professor": "NTS",
        "type": "theory",
        "room": "222/V"
      },
      {
        "subject": "COE-203",
        "professor": "RJNS",
        "type": "theory",
        "room": "222/V"
      },
      {
        "subject": "COE-201",
        "professor": "PS",
        "type": "theory",
        "room": "222/V"
      },
      {
        "subject": "break"
      },  
      {
        "subject": "COE-206,COE-207",
        "type": "lab",
        "professorFH": "SM",
        "roomFH": "12(B)/IV",
        "professorSH": "MS",
        "roomSH": "008/VI"
      },
      {
        "subject": "COE-206,COE-207",
        "type": "lab",
        "professorFH": "SM",
        "roomFH": "12(B)/IV",
        "professorSH": "MS",
        "roomSH": "008/VI"
      },
      {
        "subject": "COE-202",
        "professor": "SK",
        "type": "theory",
        "room": "221/V"
      },
      {
        "subject": "break"
      },
      {
        "subject": "break"
      }
    ],
    [
      {
        "subject": "COE-204",
        "professor": "NTS",
        "type": "theory",
        "room": "222/V"
      },
      {
        "subject": "COE-208,COE-210",
        "type": "lab",
        "professorFH": "PTK",
        "roomFH": "119/V",
        "professorSH": "NKP",
        "roomSH": "142/VI"
      },
      {
        "subject": "COE-208,COE-210",
        "type": "lab",
        "professorFH": "PTK",
        "roomFH": "119/V",
        "professorSH": "NKP",
        "roomSH": "142/VI"
      },      
      {
        "subject": "COE-205",
        "professor": "BG",
        "type": "theory",
        "room": "222/V"
      },
      {
        "subject": "COE-203",
        "professor": "RJNS",
        "type": "theory",
        "room": "222/V"
      },
      {
        "subject": "break"
      },
      {
        "subject": "COE-201",
        "professor": "PS",
        "type": "theory",
        "room": "221/V"
      },      
      {
        "subject": "break"
      },
      {
        "subject": "break"
      },
      {
        "subject": "break"
      }
    ],
    [
      {
        "subject": "break"
      },
      {
        "subject": "COE-202",
        "professor": "SK",
        "type": "theory",
        "room": "222/V"
      }, 
      {
        "subject": "COE-201",
        "professor": "PS",
        "type": "theory",
        "room": "222/V"
      }, 
      {
        "subject": "COE-205",
        "professor": "BG",
        "type": "theory",
        "room": "222/V"
      }, 
      {
        "subject": "break"
      },
      {
        "subject": "COE-208,COE-210",
        "type": "lab",
        "professorFH": "PSH",
        "roomFH": "142/VI",
        "professorSH": "PTK",
        "roomSH": "119/V"
      },
      {
        "subject": "COE-208,COE-210",
        "type": "lab",
        "professorFH": "PSH",
        "roomFH": "142/VI",
        "professorSH": "PTK",
        "roomSH": "119/V"
      },
      {
        "subject": "break"
      },
      {
        "subject": "break"
      },     
      {
        "subject": "break"
      }
    ],
    [
      {
        "subject": "break"
      },
      {
        "subject": "break"
      },
      {
        "subject": "break"
      },
      {
        "subject": "break"
      },
      {
        "subject": "break"
      },
      {
        "subject": "break"
      },
      {
        "subject": "break"
      },
      {
        "subject": "break"
      },
      {
        "subject": "break"
      },      
      {
        "subject": "break"
      }
    ],
    [
      {
        "subject": "break"
      },
      {
        "subject": "break"
      },
      {
        "subject": "break"
      },
      {
        "subject": "break"
      },
      {
        "subject": "break"
      },
      {
        "subject": "break"
      },
      {
        "subject": "break"
      },
      {
        "subject": "break"
      },
      {
        "subject": "break"
      },      
      {
        "subject": "break"
      }
    ]
  ]
}