{
  "metadata":{
    "branch" : "COE",
    "semester" : 7,
    "section": 1,
    "last_updated" : "06-08-2015"
  },
  "subjects": [
    {
      "code": "COE-401",
      "title": "Computer and Translator Design"
    },
    {
      "code": "COE-402",
      "title": "Digital Circuits and Systems II"
    },
    {
      "code": "COE-403",
      "title": "Microprocessors and Applications"
    },
    {
      "code": "COE-404",
      "title": "Elective I"
    },
    {
      "code": "COE-405",
      "title": "Elective II"
    },
    {
      "code": "COE-406",
      "title": "Computer and Translator Design"
    },
    {
      "code": "COE-407",
      "title": "Digital Circuits and Systems II"
    },
    {
      "code": "COE-408",
      "title": "Electives I and II"
    },
    {
      "code": "COE-409",
      "title": "Practical Training"
    }
    ,
    {
      "code": "COE-410",
      "title": "System Programming Language"
    }
  ],
  "professors": [
    {
      "codename": "PTK",
      "fullname": "Preeti Kaur"
    },
    {
      "codename": "RTS",
      "fullname": "Ritesh Srivastav"
    },
    {
      "codename": "SHS",
      "fullname": "Shrishti"
    },
    {
      "codename": "STY",
      "fullname": "Savita Yadav"
    },
    {
      "codename": "DPS",
      "fullname": "Deepak Sharma"
    },
    {
      "codename": "SGS",
      "fullname": "Sangeeta Sabharwal"
    },
    {
      "codename": "PNC",
      "fullname": "Pinaki Chakraborty"
    },
    {
      "codename": "MPSB",
      "fullname": "MPS Bhatia"
    },
    {
      "codename": "HDT",
      "fullname": "Hardeo Kumar Thakur"
    }
  ],
  "timetable": [
    [
      {
        "subject": "break"
      },
      {
        "subject": "break"
      },
      {
        "subject": "break"
      },
      {
        "subject": "COE-404",
        "professor": "STY",
        "type": "theory",
        "room": "15/V"
      },
      {
        "subject": "COE-401",
        "professor": "PTK",
        "type": "theory",
        "room": "15/V"
      },
      {
        "subject": "Lunchbreak"
      },
      {
        "subject": "COE-402",
        "professor": "RTS",
        "type": "theory",
        "room": "15/V"
      },
      {
        "subject": "COE-405",
        "professor": "DPS",
        "type": "theory",
        "room": "15/V"
      },
      {
        "subject": "COE-403",
        "professor": "SHS",
        "type": "theory",
        "room": "15/V"
      },
      {
        "subject": "break"
      }
    ],
    [
      {
        "subject": "break"
      },
      {
        "subject": "COE-404",
        "professor": "STY",
        "type": "theory",
        "room": "15/V"
      },
      {
        "subject": "COE-401",
        "professor": "PTK",
        "type": "theory",
        "room": "15/V"
      },
      {
        "subject": "COE-407,COE-410",
        "type": "lab",
        "professorFH": "HDT",
        "roomFH": "102/V",
        "professorSH": "MPSB",
        "roomSH": "103/IV"
      },
      {
        "subject": "COE-407,COE-410",
        "type": "lab",
        "professorFH": "HDT",
        "roomFH": "102/V",
        "professorSH": "MPSB",
        "roomSH": "103/IV"
      },
      {
        "subject": "Lunchbreak"
      },
      {
        "subject": "COE-402",
        "professor": "RTS",
        "type": "theory",
        "room": "15/V"
      },
      {
        "subject": "COE-405",
        "professor": "DPS",
        "type": "theory",
        "room": "15/V"
      },
      {
        "subject": "COE-403",
        "professor": "SHS",
        "type": "theory",
        "room": "15/V"
      },
      {
        "subject": "break"
      }
    ],
    [
      {
        "subject": "break"
      },
      {
        "subject": "break"
      },
      {
        "subject": "break"
      },
      {
        "subject": "break"
      },
      {
        "subject": "Lunchbreak"
      },
      {
        "subject": "COE-406,COE-408",
        "type": "lab",
        "professorFH": "PTK",
        "roomFH": "102/V",
        "professorSH": "STY",
        "roomSH": "133/V"
      },
      {
        "subject": "COE-406,COE-408",
        "type": "lab",
        "professorFH": "PTK",
        "roomFH": "102/V",
        "professorSH": "STY",
        "roomSH": "133/V"
      },
      {
        "subject": "COE-404",
        "professor": "STY",
        "type": "theory",
        "room": "15/V" 
      },
      {
        "subject": "COE-401",
        "professor": "PTK",
        "type": "theory",
        "room": "15/V" 
      },
      {
        "subject": " break"
      }
    ],
    [
      {
        "subject": "break"
      },
      {
        "subject": "COE-402",
        "professor": "RTS",
        "type": "theory",
        "room": "15/V" 
      },
      {
        "subject": "COE-405",
        "professor": "DPS",
        "type": "theory",
        "room": "15/V"  
      },
      {
        "subject": "COE-403",
        "professor": "SHS",
        "type": "theory",
        "room": "15/V"  
      },
      {
        "subject": "Lunchbreak"
      },
      {
        "subject": "COE-406,COE-408",
        "type": "lab",
        "professorFH": "STY",
        "roomFH": "133/V",
        "professorSH": "PTK",
        "roomSH": "102/V"
      },
      {
        "subject": "COE-406,COE-408",
        "type": "lab",
        "professorFH": "STY",
        "roomFH": "133/V",
        "professorSH": "PTK",
        "roomSH": "102/V"
      },
      {
        "subject": "COE-410,COE-407",
        "type": "lab",
        "professorFH": "MPSB",
        "roomFH": "103/V",
        "professorSH": "SGS",
        "roomSH": "115/V"
      },
      {
        "subject": "COE-410,COE-407",
        "type": "lab",
        "professorFH": "MPSB",
        "roomFH": "103/V",
        "professorSH": "SGS",
        "roomSH": "115/V"
      },
      {
        "subject": "break"
      }
    ],
    [
      {
        "subject": "break"
      },
      {
        "subject": "COE-405",
        "professor": "DPS",
        "type": "theory",
        "room": "15/V"
      },
      {
        "subject": "COE-401",
        "professor": "PTK",
        "type": "theory",
        "room": "15/V"  
      },
      {
        "subject": "COE-404",
        "professor": "STY",
        "type": "theory",
        "room": "15/V"   
      },
      {
        "subject": "COE-403",
        "professor": "SHS",
        "type": "theory",
        "room": "15/V"   
      },
      {
        "subject": "Lunchbreak"
      },
      {
        "subject": "COE-402",
        "professor": "RTS",
        "type": "theory",
        "room": "15/V"  
      },
      {
        "subject": "break"
      },
      {
        "subject": "break"
      },
      {
        "subject": "break"
      }
    ],
    [
      {
        "subject": "break"
      },
      {
        "subject": "break"
      },
      {
        "subject": "break"
      },
      {
        "subject": "break"
      },
      {
        "subject": "break"
      },
      {
        "subject": "break"
      },
      {
        "subject": "break"
      },
      {
        "subject": "break"
      },
      {
        "subject": "break"
      },      
      {
        "subject": "break"
      }
    ],
    [
      {
        "subject": "break"
      },
      {
        "subject": "break"
      },
      {
        "subject": "break"
      },
      {
        "subject": "break"
      },
      {
        "subject": "break"
      },
      {
        "subject": "break"
      },
      {
        "subject": "break"
      },
      {
        "subject": "break"
      },
      {
        "subject": "break"
      },      
      {
        "subject": "break"
      }
    ]
  ]
}