{
  "metadata":{
    "branch" : "COE",
    "semester" : 3,
    "section": 1,
    "last_updated" : "9-1-2015"
  },
  "subjects": [
    {
      "code": "COE-201",
      "title": "Electronics I"
    },
    {
      "code": "COE-202",
      "title": "Circuits And Systems"
    },
    {
      "code": "COE-203",
      "title": "Power Apparatus"
    },
    {
      "code": "COE-204",
      "title": "Electrical Measurements"
    },
    {
      "code": "COE-205",
      "title": "Mathematics III"
    },
    {
      "code": "COE-206",
      "title": "Electronics-I"
    },
    {
      "code": "COE-207",
      "title": "Power Apparatus"
    },
    {
      "code": "COE-208",
      "title": "Electrical Measurements"
    },
    {
      "code": "COE-209",
      "title": "Machine Drawing"
    },
    {
      "code": "COE-210",
      "title": "Programming-I"
    }
  ],
  "professors": [
    {
      "codename": "SD",
      "fullname": "Shilpa Dua"
    },
    {
      "codename": "NVS",
      "fullname": "Navneet Sharma"
    },
    {
      "codename": "VKS",
      "fullname": "Vicky Suri"
    },
    {
      "codename": "BG",
      "fullname": "Bhawna Gupta"
    },
    {
      "codename": "HSM",
      "fullname": "Hashmit Malik"
    },
    {
      "codename": "BA",
      "fullname": "Bhawna Agarwal"
    },
    {
      "codename": "JS",
      "fullname": "Jyotsna Singh"
    },
    {
      "codename": "RJNS",
      "fullname": "Rajneesh Sharma"
    },
    {
      "codename": "JRPG",
      "fullname": "JRP Gupta"
    },
    {
      "codename": "VNK",
      "fullname": "Vineet Kumar"
    },
    {
      "codename": "JSB",
      "fullname": "JS Barar"
    },
    {
      "codename": "BKS",
      "fullname": "BK Singh"
    },
    {
      "codename": "GF",
      "fullname": "Guest Faculty"
    }
  ],
  
  "timetable": [
    [
      {
        "subject": "COE-205",
        "professor": "BG",
        "type": "theory",
        "room": "221/V"
      },
      {
        "subject": "COE-201",
        "professor": "SD",
        "type": "theory",
        "room": "221/V"
      },
      {
        "subject": "COE-203",
        "professor": "HSM",
        "type": "theory",
        "room": "221/V"
      },
      {
        "subject": "COE-204",
        "professor": "VKS",
        "type": "theory",
        "room": "221/V"
      },   
      {
        "subject": "break"
      },
      {
        "subject": "COE-202",
        "professor": "NVS",
        "type": "theory",
        "room": "221/V"
      },
      {
        "subject": "break"
      }, 
      {
        "subject": "break"
      }, 
      {
        "subject": "break"
      }, 
      {
        "subject": "break"
      }
    ],
    [
      {
        "subject": "COE-201",
        "professor": "SD",
        "type": "theory",
        "room": "221/V"
      },
      {
        "subject": "COE-209",
        "type": "lab",
        "professorFH": "JSB",
        "roomFH": "232/VI",
        "professorSH": "GF",
        "roomSH": "232/VI"
      },
      {
        "subject": "COE-209",
        "type": "lab",
        "professorFH": "JSB",
        "roomFH": "232/VI",
        "professorSH": "GF",
        "roomSH": "232/VI"
      },
      {
        "subject": "COE-209",
        "type": "lab",
        "professorFH": "JSB",
        "roomFH": "232/VI",
        "professorSH": "GF",
        "roomSH": "232/VI"
      },
      {
        "subject": "break"
      },
      {
        "subject": "COE-203",
        "professor": "HSM",
        "type": "theory",
        "room": "221/V"
      },
      {
        "subject": "COE-205",
        "professor": "BG",
        "type": "theory",
        "room": "221/V"
      },
      {
        "subject": "COE-206,COE-207",
        "type": "lab",
        "professorFH": "JS",
        "roomFH": "12(B)/IV",
        "professorSH": "RJNS",
        "roomSH": "008/VI"
      },
      {
        "subject": "COE-206,COE-207",
        "type": "lab",
        "professorFH": "JS",
        "roomFH": "12(B)/IV",
        "professorSH": "RJNS",
        "roomSH": "008/VI"
      },
      {
        "subject": "break"
      }
    ],
    [
      {
        "subject": "break"
      },
      {
        "subject": "COE-203",
        "professor": "HSM",
        "type": "theory",
        "room": "221/V"
      },
      {
        "subject": "COE-202",
        "professor": "NVS",
        "type": "theory",
        "room": "221/V"
      },
      {
        "subject": "COE-204",
        "professor": "VKS",
        "type": "theory",
        "room": "221/V"
      },   
      {
        "subject": "COE-205",
        "professor": "BG",
        "type": "theory",
        "room": "221/V"
      },
      {
        "subject": "break"
      },
      {
        "subject": "COE-201",
        "professor": "SD",
        "type": "theory",
        "room": "221/V"
      },
      {
        "subject": "COE-208,COE-210",
        "type": "lab",
        "professorFH": "VNK",
        "roomFH": "142/VI",
        "professorSH": "BKS",
        "roomSH": "119/V"
      },
      {
        "subject": "COE-208,COE-210",
        "type": "lab",
        "professorFH": "VNK",
        "roomFH": "142/VI",
        "professorSH": "BKS",
        "roomSH": "119/V"
      },
      {
        "subject": "break"
      }
    ],
    [
      {
        "subject": "COE-202",
        "professor": "NVS",
        "type": "theory",
        "room": "221/V"
      },
      {
        "subject": "COE-205",
        "professor": "BG",
        "type": "theory",
        "room": "221/V"
      },
      {
        "subject": "COE-203",
        "professor": "HSM",
        "type": "theory",
        "room": "221/V"
      },
      {
        "subject": "COE-201",
        "professor": "SD",
        "type": "theory",
        "room": "221/V"
      },      
      {
        "subject": "break"
      },
      {
        "subject": "COE-206,COE-207",
        "type": "lab",
        "professorFH": "JRPG",
        "roomFH": "008/VI",
        "professorSH": "BA",
        "roomSH": "12(A)/IV"
      },
      {
        "subject": "COE-206,COE-207",
        "type": "lab",
        "professorFH": "JRPG",
        "roomFH": "008/VI",
        "professorSH": "BA",
        "roomSH": "12(A)/IV"
      },  
      {
        "subject": "COE-204",
        "professor": "VKS",
        "type": "theory",
        "room": "221/V"
      },
      {
        "subject": "break"
      },
      {
        "subject": "break"
      }
    ],
    [
      {
        "subject": "break"
      },
       {
        "subject": "COE-208,COE-210",
        "type": "lab",
        "professorFH": "BKS",
        "roomFH": "012/V",
        "professorSH": "HSM",
        "roomSH": "142/VI"
      },
      {
        "subject": "COE-208,COE-210",
        "type": "lab",
        "professorFH": "BKS",
        "roomFH": "012/V",
        "professorSH": "HSM",
        "roomSH": "142/VI"
      },
      {
        "subject": "COE-202",
        "professor": "NVS",
        "type": "theory",
        "room": "221/V"
      },    
      {
        "subject": "break"
      },
      {
        "subject": "COE-204",
        "professor": "VKS",
        "type": "theory",
        "room": "221/V"
      },
      {
        "subject": "break"
      },
      {
        "subject": "break"
      },
      {
        "subject": "break"
      },     
      {
        "subject": "break"
      }
    ],
    [
      {
        "subject": "break"
      },
      {
        "subject": "break"
      },
      {
        "subject": "break"
      },
      {
        "subject": "break"
      },
      {
        "subject": "break"
      },
      {
        "subject": "break"
      },
      {
        "subject": "break"
      },
      {
        "subject": "break"
      },
      {
        "subject": "break"
      },      
      {
        "subject": "break"
      }
    ],
    [
      {
        "subject": "break"
      },
      {
        "subject": "break"
      },
      {
        "subject": "break"
      },
      {
        "subject": "break"
      },
      {
        "subject": "break"
      },
      {
        "subject": "break"
      },
      {
        "subject": "break"
      },
      {
        "subject": "break"
      },
      {
        "subject": "break"
      },      
      {
        "subject": "break"
      }
    ]
  ]
}