{
  "metadata":{
    "branch" : "COE",
    "semester" : 3,
    "section": 3,
    "last_updated" : "8-1-2015"
  },
  "subjects": [
    {
      "code": "COE-201",
      "title": "Electronics I"
    },
    {
      "code": "COE-202",
      "title": "Circuits And Systems"
    },
    {
      "code": "COE-203",
      "title": "Power Apparatus"
    },
    {
      "code": "COE-204",
      "title": "Electrical Measurements"
    },
    {
      "code": "COE-205",
      "title": "Mathematics III"
    },
    {
      "code": "COE-206",
      "title": "Electronics-I"
    },
    {
      "code": "COE-207",
      "title": "Power Apparatus"
    },
    {
      "code": "COE-208",
      "title": "Electrical Measurements"
    },
    {
      "code": "COE-209",
      "title": "Machine Drawing"
    },
    {
      "code": "COE-210",
      "title": "Programming-I"
    }
  ],
  "professors": [
    {
      "codename": "SNH",
      "fullname": "Sneha"
    },
    {
      "codename": "HP",
      "fullname": "Harish Parthasarthy"
    },
    {
      "codename": "ABK",
      "fullname": "Abhishek Kumar"
    },
    {
      "codename": "LC",
      "fullname": "Lakshika"
    },
    {
      "codename": "HSM",
      "fullname": "Hashmit Malik"
    },
    {
      "codename": "VJM",
      "fullname": "Vijay Mohan"
    },
    {
      "codename": "JS",
      "fullname": "Jyotsna Singh"
    },
    {
      "codename": "SHK",
      "fullname": "Shweta Kumari"
    },
    {
      "codename": "RJK",
      "fullname": "Rajesh Kumar"
    },
    {
      "codename": "HMC",
      "fullname": "Himanshu Chabra"
    },
    {
      "codename": "PNC",
      "fullname": "Pinaki Charaborty"
    },
    {
      "codename": "GF",
      "fullname": "Guest Faculty"
    }
  ],
  "timetable": [
    [
      {
        "subject": "COE-204",
        "professor": "ABK",
        "type": "theory",
        "room": "222/V"
      },
      {
        "subject": "COE-201",
        "professor": "SNH",
        "type": "theory",
        "room": "222/V"
      },
      {
        "subject": "COE-203",
        "professor": "NKN",
        "type": "theory",
        "room": "222/V"
      },
      {
        "subject": "COE-208,COE-210",
        "type": "lab",
        "professorFH": "PNC",
        "roomFH": "119/V",
        "professorSH": "HSM",
        "roomSH": "142/VI"
      },  
      {
        "subject": "COE-208,COE-210",
        "type": "lab",
        "professorFH": "PNC",
        "roomFH": "119/V",
        "professorSH": "HSM",
        "roomSH": "142/VI"
      },
      {
        "subject": "break"
      },
      {
        "subject": "COE-205",
        "professor": "LC",
        "type": "theory",
        "room": "222/V"
      },
      {
        "subject": "COE-206,COE-207",
        "type": "lab",
        "professorFH": "JS",
        "roomFH": "12(B)/IV",
        "professorSH": "RJK",
        "roomSH": "008/VI"
      }, 
      {
        "subject": "COE-206,COE-207",
        "type": "lab",
        "professorFH": "JS",
        "roomFH": "12(B)/IV",
        "professorSH": "RJK",
        "roomSH": "008/VI"
      },
      {
        "subject": "break"
      }
    ],
    [
      {
        "subject": "COE-205",
        "professor": "LC",
        "type": "theory",
        "room": "222/V"
      },
      {
        "subject": "COE-209",
        "type": "lab",
        "professorFH": "GF",
        "roomFH": "233/VI",
        "professorSH": "GF",
        "roomSH": "233/VI"
      },
      {
        "subject": "COE-209",
        "type": "lab",
        "professorFH": "GF",
        "roomFH": "233/VI",
        "professorSH": "GF",
        "roomSH": "233/VI"
      },
      {
        "subject": "COE-209",
        "type": "lab",
        "professorFH": "GF",
        "roomFH": "233/VI",
        "professorSH": "GF",
        "roomSH": "233/VI"
      },
      {
        "subject": "break"
      },
      {
        "subject": "COE-202",
        "professor": "HP",
        "type": "theory",
        "room": "222/V"
      },
      {
        "subject": "break"
      },
      {
        "subject": "break"
      },
      {
        "subject": "break"
      },
      {
        "subject": "break"
      }
    ],
    [
      {
        "subject": "break"
      },
      {
        "subject": "break"
      },
      {
        "subject": "break"
      },
      {
        "subject": "COE-205",
        "professor": "LC",
        "room": "15/V",
        "type": "theory"
      },
      {
        "subject": "break"
      },
      {
        "subject": "COE-202",
        "professor": "HP",
        "room": "222/V",
        "type": "theory"
      },
      {
        "subject": "COE-201",
        "professor": "SNH",
        "room": "222/V",
        "type": "theory"
      },
      {
        "subject": "COE-203",
        "professor": "NKN",
        "room": "222/V",
        "type": "theory"
      },
      {
        "subject": "COE-204",
        "professor": "ABK",
        "room": "222/V",
        "type": "theory"
      },
      {
        "subject": "break"
      }
    ],
    [
      {
        "subject": " break"
      },
      {
        "subject": "break"
      },
      {
        "subject": "COE-202",
        "professor": "HP",
        "room": "222/V",
        "type": "theory"
      },
      {
        "subject": "COE-203",
        "professor": "NKN",
        "room": "14/V",
        "type": "theory"
      },
      {
        "subject": "break"
      },
      {
        "subject": "COE-201",
        "professor": "SNH",
        "room": "222/V",
        "type": "theory"
      },
      {
        "subject": "COE-204",
        "professor": "ABK",
        "room": "222/V",
        "type": "theory"
      },
      {
        "subject": "COE-205",
        "professor": "LC",
        "room": "222/V",
        "type": "theory"
      },
      {
        "subject": "break"
      },
      {
        "subject": "break"
      }
    ],
    [
      {
        "subject": "COE-202",
        "professor": "HP",
        "room": "221/V",
        "type": "theory"
      },
      {
        "subject": "COE-204",
        "professor": "ABK",
        "room": "221/V",
        "type": "theory"
      },
      {
        "subject": "COE-203",
        "professor": "NKN",
        "room": "221/V",
        "type": "theory"
      },
      {
        "subject": "COE-201",
        "professor": "SNH",
        "room": "14/V",
        "type": "theory"
      },
      {
        "subject": "lunchbreak"
      },
      {
        "subject": "COE-207,COE-206",
        "type": "lab",
        "professorFH": "HMC",
        "roomFH": "008/VI",
        "professorSH": "SHK",
        "roomSH": "12(B)/IV"
      },
      {
        "subject": "COE-207,COE-206",
        "type": "lab",
        "professorFH": "HMC",
        "roomFH": "008/VI",
        "professorSH": "SHK",
        "roomSH": "12(B)/IV"
      },
      {
        "subject": "COE-208,COE-210",
        "type": "lab",
        "professorFH": "VJM",
        "roomFH": "142/VI",
        "professorSH": "PNC",
        "roomSH": "119/V"
      },
      {
        "subject": "COE-208,COE-210",
        "type": "lab",
        "professorFH": "VJM",
        "roomFH": "142/VI",
        "professorSH": "PNC",
        "roomSH": "119/V"
      },
      {
        "subject": "break"
      }
    ],
    [
      {
        "subject": "break"
      },
      {
        "subject": "break"
      },
      {
        "subject": "break"
      },
      {
        "subject": "break"
      },
      {
        "subject": "break"
      },
      {
        "subject": "break"
      },
      {
        "subject": "break"
      },
      {
        "subject": "break"
      },
      {
        "subject": "break"
      },      
      {
        "subject": "break"
      }
    ],
    [
      {
        "subject": "break"
      },
      {
        "subject": "break"
      },
      {
        "subject": "break"
      },
      {
        "subject": "break"
      },
      {
        "subject": "break"
      },
      {
        "subject": "break"
      },
      {
        "subject": "break"
      },
      {
        "subject": "break"
      },
      {
        "subject": "break"
      },      
      {
        "subject": "break"
      }
    ]
  ]
}