{
  "metadata":{
    "branch" : "COE",
    "semester" : 7,
    "section": 2,
    "last_updated" : "06-08-2015"
  },
  "subjects": [
    {
      "code": "COE-401",
      "title": "Computer and Translator Design"
    },
    {
      "code": "COE-402",
      "title": "Digital Circuits and Systems II"
    },
    {
      "code": "COE-403",
      "title": "Microprocessors and Applications"
    },
    {
      "code": "COE-404",
      "title": "Elective I"
    },
    {
      "code": "COE-405",
      "title": "Elective II"
    },
    {
      "code": "COE-406",
      "title": "Computer and Translator Design"
    },
    {
      "code": "COE-407",
      "title": "Digital Circuits and Systems II"
    },
    {
      "code": "COE-408",
      "title": "Electives I and II"
    },
    {
      "code": "COE-409",
      "title": "Practical Training"
    }
    ,
    {
      "code": "COE-410",
      "title": "System Programming Language"
    }
  ],
  "professors": [
    {
      "codename": "MLS",
      "fullname": "Mala Saraswat"
    },
    {
      "codename": "DYC",
      "fullname": "Divya Chaudhary"
    },
    {
      "codename": "YVS",
      "fullname": "Yashveer Kr. Singh"
    },
    {
      "codename": "BKS",
      "fullname": "B.K.Singh"
    },
    {
      "codename": "SWA",
      "fullname": "Swati Agarwal"
    },
    {
      "codename": "SPC",
      "fullname": "Shampa Chakravarty"
    },
    {
      "codename": "STC",
      "fullname": "Satish Chand"
    },
    {
      "codename": "STY",
      "fullname": "Savita Yadav"
    },
    {
      "codename": "PTK",
      "fullname": "Preeti Kumar"
    }
  ],
  "timetable": [
    [
      {
        "subject": "break"
      },
      {
        "subject": "COE-405",
        "professor": "SWA",
        "type": "theory",
        "room": "17/V"
      },
      {
        "subject": "COE-401",
        "professor": "MLS",
        "type": "theory",
        "room": "17/V"
      },
      {
        "subject": "COE-402",
        "professor": "DYC",
        "type": "theory",
        "room": "17/V"
      },
      {
        "subject": "COE-404",
        "professor": "BKS",
        "type": "theory",
        "room": "17/V"
      },
      {
        "subject": "Lunchbreak"
      },
      {
        "subject": "COE-403",
        "professor": "YVS",
        "type": "theory",
        "room": "17/V"
      },
      {
        "subject": "COE-406,COE-408",
        "type": "lab",
        "professorFH": "STY",
        "roomFH": "102/V",
        "professorSH": "SPC",
        "roomSH": "101/V"
      },
      {
        "subject": "COE-406,COE-408",
        "type": "lab",
        "professorFH": "STY",
        "roomFH": "102/V",
        "professorSH": "SPC",
        "roomSH": "101/V"
      },
      {
        "subject": "break"
      }
    ],
    [
      {
        "subject": "break"
      },
      {
        "subject": "break"
      },
      {
        "subject": "break"
      },
      {
        "subject": "COE-404",
        "professor": "BKS",
        "type": "theory",
        "room": "15/V"
      },
      {
        "subject": "COE-405",
        "professor": "SWA",
        "type": "theory",
        "room": "15/V"
      },
      {
        "subject": "Lunchbreak"
      },
      {
        "subject": "COE-401",
        "professor": "MLS",
        "type": "theory",
        "room": "17/V"
      },
      {
        "subject": "COE-403",
        "professor": "YVS",
        "type": "theory",
        "room": "17/V"
      },
      {
        "subject": "COE-402",
        "professor": "DYC",
        "type": "theory",
        "room": "17/V"
      },
      {
        "subject": "break"
      }
    ],
    [
      {
        "subject": "break"
      },
      {
        "subject": "COE-406,COE-408",
        "type": "lab",
        "professorFH": "PTK",
        "roomFH": "102/V",
        "professorSH": "BKS",
        "roomSH": "115/V"
      },
      {
        "subject": "COE-406,COE-408",
        "type": "lab",
        "professorFH": "PTK",
        "roomFH": "102/V",
        "professorSH": "BKS",
        "roomSH": "115/V"
      },
      {
        "subject": "COE-407,COE-410",
        "type": "lab",
        "professorFH": "STC",
        "roomFH": "115/V",
        "professorSH": "MPSB",
        "roomSH": "103/IV"
      },
      {
        "subject": "COE-407,COE-410",
        "type": "lab",
        "professorFH": "STC",
        "roomFH": "115/V",
        "professorSH": "MPSB",
        "roomSH": "103/IV"
      },
      {
        "subject": "Lunchbreak"
      },
      {
        "subject": "COE-405",
        "professor": "SWA",
        "type": "theory",
        "room": "17/V" 
      },
      {
        "subject": "COE-402",
        "professor": "DTC",
        "type": "theory",
        "room": "17/V"
      },
      {
        "subject": "COE-403",
        "professor": "YVS",
        "type": "theory",
        "room": "17/V"
      },
      {
        "subject": " break"
      }
    ],
    [
      {
        "subject": "break"
      },
      {
        "subject": "break"
      },
      {
        "subject": "break"
      },
      {
        "subject": "break"
      },
      {
        "subject": "Lunchbreak"
      },
      {
        "subject": "COE-402",
        "professor": "DYC",
        "type": "theory",
        "room": "15/V" 
      },
      {
        "subject": "COE-401",
        "professor": "MLS",
        "type": "theory",
        "room": "15/V"  
      },
      {
        "subject": "COE-405",
        "professor": "SWA",
        "type": "theory",
        "room": "15/V"  
      },
      {
        "subject": "COE-404",
        "professor": "BKS",
        "type": "theory",
        "room": "15/V"   
      },
      {
        "subject": "break"
      }
    ],
    [
      {
        "subject": "break"
      },
      {
        "subject": "break"
      },
      {
        "subject": "break"
      },
      {
        "subject": "break"
      },
      {
        "subject": "COE-403",
        "professor": "YVS",
        "type": "theory",
        "room": "17/V"
      },
      {
        "subject": "COE-410,COE-407",
        "type": "lab",
        "professorFH": "SPC",
        "roomFH": "103/IV",
        "professorSH": "SWA",
        "roomSH": "103/V"
      },
      {
        "subject": "COE-410,COE-407",
        "type": "lab",
        "professorFH": "SPC",
        "roomFH": "103/IV",
        "professorSH": "SWA",
        "roomSH": "103/V"
      },
      {
        "subject": "COE-401",
        "professor": "MLS",
        "type": "theory",
        "room": "15/V" 
      },
      {
        "subject": "COE-404",
        "professor": "BKS",
        "type": "theory",
        "room": "15/V"
      },
      {
        "subject": "break"
      }
    ],
    [
      {
        "subject": "break"
      },
      {
        "subject": "break"
      },
      {
        "subject": "break"
      },
      {
        "subject": "break"
      },
      {
        "subject": "break"
      },
      {
        "subject": "break"
      },
      {
        "subject": "break"
      },
      {
        "subject": "break"
      },
      {
        "subject": "break"
      },      
      {
        "subject": "break"
      }
    ],
    [
      {
        "subject": "break"
      },
      {
        "subject": "break"
      },
      {
        "subject": "break"
      },
      {
        "subject": "break"
      },
      {
        "subject": "break"
      },
      {
        "subject": "break"
      },
      {
        "subject": "break"
      },
      {
        "subject": "break"
      },
      {
        "subject": "break"
      },      
      {
        "subject": "break"
      }
    ]
  ]
}