{
  "metadata":{
    "branch" : "COE",
    "semester" : 7,
    "section": 3,
    "last_updated" : "06-08-2015"
  },
  "subjects": [
    {
      "code": "COE-401",
      "title": "Computer and Translator Design"
    },
    {
      "code": "COE-402",
      "title": "Digital Circuits and Systems II"
    },
    {
      "code": "COE-403",
      "title": "Microprocessors and Applications"
    },
    {
      "code": "COE-404",
      "title": "Elective I"
    },
    {
      "code": "COE-405",
      "title": "Elective II"
    },
    {
      "code": "COE-406",
      "title": "Computer and Translator Design"
    },
    {
      "code": "COE-407",
      "title": "Digital Circuits and Systems II"
    },
    {
      "code": "COE-408",
      "title": "Electives I and II"
    },
    {
      "code": "COE-409",
      "title": "Practical Training"
    }
    ,
    {
      "code": "COE-410",
      "title": "System Programming Language"
    }
  ],
  "professors": [
    {
      "codename": "PNC",
      "fullname": "Pinaki Chakraverty"
    },
    {
      "codename": "MNC",
      "fullname": "Manju"
    },
    {
      "codename": "STC",
      "fullname": "Satish Chand"
    },
    {
      "codename": "SBA",
      "fullname": "Saurabh Agarwal"
    },
    {
      "codename": "MPSB",
      "fullname": "MPS Bhatia"
    },
    {
      "codename": "PTK",
      "fullname": "Preeti Kaur"
    },
    {
      "codename": "BKS",
      "fullname": "BK Singh"
    },
    {
      "codename": "SWA",
      "fullname": "Swati Agarwal"
    },
    {
      "codename": "HDT",
      "fullname": "Hardeep Kumar Thakur"
    },
    {
      "codename": "SHG",
      "fullname": "Shikha Gupta"
    }
  ],
  "timetable": [
    [
      {
        "subject": "break"
      },
      {
        "subject": "COE-401",
        "professor": "PNC",
        "type": "theory",
        "room": "15/V"
      },
      {
        "subject": "COE-403",
        "professor": "STC",
        "type": "theory",
        "room": "15/V"
      },
      {
        "subject": "COE-407,COE-410",
        "type": "lab",
        "professorFH": "SWA",
        "roomFH": "115/V",
        "professorSH": "MPSB",
        "roomSH": "103/IV"
      },
      {
        "subject": "COE-407,COE-410",
        "type": "lab",
        "professorFH": "SWA",
        "roomFH": "115/V",
        "professorSH": "MPSB",
        "roomSH": "103/IV"
      },
      {
        "subject": "COE-405",
        "professor": "MPSB",
        "type": "theory",
        "room": "101/V"
      },
      {
        "subject": "break"
      },
      {
        "subject": "break"
      },
      {
        "subject": "break"
      },
      {
        "subject": "break"
      }
    ],
    [
      {
        "subject": "break"
      },
      {
        "subject": "COE-404",
        "professor": "SBA",
        "type": "theory",
        "room": "17/V"
      },
      {
        "subject": "COE-401",
        "professor": "PNC",
        "type": "theory",
        "room": "17/V"
      },
      {
        "subject": "COE-402",
        "professor": "MNC",
        "type": "theory",
        "room": "17/V"
      },
      {
        "subject": "Lunchbreak"
      },
      {
        "subject": "COE-406,COE-408",
        "type": "lab",
        "professorFH": "PNC",
        "roomFH": "102/V",
        "professorSH": "BKS",
        "roomSH": "115/V"
      },
      {
        "subject": "COE-406,COE-408",
        "type": "lab",
        "professorFH": "PNC",
        "roomFH": "102/V",
        "professorSH": "BKS",
        "roomSH": "115/V"
      },
      {
        "subject": "break"
      },
      {
        "subject": "break"
      },
      {
        "subject": "break"
      }
    ],
    [
      {
        "subject": "break"
      },
      {
        "subject": "COE-403",
        "professor": "STC",
        "type": "theory",
        "room": "17/V"
      },
      {
        "subject": "COE-405",
        "professor": "MPSB",
        "type": "theory",
        "room": "101/V"
      },
      {
        "subject": "COE-401",
        "professor": "PNC",
        "type": "theory",
        "room": "17/V"
      },
      {
        "subject": "COE-404",
        "professor": "SBA",
        "type": "theory",
        "room": "17/V"
      },
      {
        "subject": "COE-402",
        "professor": "MNC",
        "type": "theory",
        "room": "17/V"
      },
      {
        "subject": " break"
      },
      {
        "subject": " break"
      },
      {
        "subject": " break"
      },
      {
        "subject": " break"
      }
    ],
    [
      {
        "subject": "break"
      },
      {
        "subject": "COE-408,COE-406",
        "type": "lab",
        "professorFH": "BKS",
        "roomFH": "115/V",
        "professorSH": "PNC",
        "roomSH": "102/V"
      },
      {
        "subject": "COE-408,COE-406",
        "type": "lab",
        "professorFH": "BKS",
        "roomFH": "115/V",
        "professorSH": "PNC",
        "roomSH": "102/V"
      },
      {
        "subject": "COE-403",
        "professor": "STC",
        "type": "theory",
        "room": "17/V" 
      },
      {
        "subject": "COE-405",
        "professor": "MPSB",
        "type": "theory",
        "room": "101/V"
      },
      {
        "subject": "Lunchbreak"
      },
      {
        "subject": "COE-402",
        "professor": "MNC",
        "type": "theory",
        "room": "17/V"
      },
      {
        "subject": "COE-404",
        "professor": "SBA",
        "type": "theory",
        "room": "17/V"  
      },
      {
        "subject": "break"
      },
      {
        "subject": "break"
      }
    ],
    [
      {
        "subject": "break"
      },
      {
        "subject": "COE-407,COE-410",
        "type": "lab",
        "professorFH": "SHG",
        "roomFH": "103/IV",
        "professorSH": "HDT",
        "roomSH": "133/V"
      },
      {
        "subject": "COE-407,COE-410",
        "type": "lab",
        "professorFH": "SHG",
        "roomFH": "103/IV",
        "professorSH": "HDT",
        "roomSH": "133/V"
      },
      {
        "subject": "COE-401",
        "professor": "PNC",
        "type": "theory",
        "room": "17/V"
      },
      {
        "subject": "Lunchbreak"
      },
      {
        "subject": "COE-403",
        "professor": "STC",
        "type": "theory",
        "room": "17/V"
      },
      {
        "subject": "COE-405",
        "professor": "MPSB",
        "type": "theory",
        "room": "101/V" 
      },
      {
        "subject": "COE-402",
        "professor": "MNC",
        "type": "theory",
        "room": "17/V"
      },
      {
        "subject": "COE-404",
        "professor": "SBA",
        "type": "theory",
        "room": "17/V"
      },
      {
        "subject": "break"
      }
    ],
    [
      {
        "subject": "break"
      },
      {
        "subject": "break"
      },
      {
        "subject": "break"
      },
      {
        "subject": "break"
      },
      {
        "subject": "break"
      },
      {
        "subject": "break"
      },
      {
        "subject": "break"
      },
      {
        "subject": "break"
      },
      {
        "subject": "break"
      },      
      {
        "subject": "break"
      }
    ],
    [
      {
        "subject": "break"
      },
      {
        "subject": "break"
      },
      {
        "subject": "break"
      },
      {
        "subject": "break"
      },
      {
        "subject": "break"
      },
      {
        "subject": "break"
      },
      {
        "subject": "break"
      },
      {
        "subject": "break"
      },
      {
        "subject": "break"
      },      
      {
        "subject": "break"
      }
    ]
  ]
}