{
  "metadata":{
    "branch" : "EC",
    "semester" : 7,
    "section": 3,
    "last_updated" : "8-1-2015"
  },
  "subjects": [
    {
      "code": "EC-401",
      "title": "Microwave Engg."
    },
    {
      "code": "EC-402",
      "title": "Digital Circuits & Systems-II"
    },
    {
      "code": "EC-403",
      "title": "Communication Systems"
    },
    {
      "code": "EC-404",
      "title": "Digital Signal and Processing-I"
    },
    {
      "code": "EC-405",
      "title": "Optical Fibers (Elective II)"
    },
    {
      "code": "EC-406",
      "title": "101/IV"
    },
    {
      "code": "EC-407",
      "title": "103/IV"
    },
    {
      "code": "EC-408",
      "title": "215/IV"
    },
     {
      "code": "EC-410",
      "title": "103/V"
    }
  ],
  "professors": [
    {
      "codename": "SSGL",
      "fullname": "SS Goel "
    },
    {
      "codename": "HK",
      "fullname": "Hitendra Kumar"
    },
    {
      "codename": "SPS",
      "fullname": "SP Singh"
    },
    {
      "codename": "JS",
      "fullname": "Jyotsna Singh"
    },
    {
      "codename": "KSS",
      "fullname": "Khushil Saini"
    },
    {
      "codename": "STJ",
      "fullname":"Satbir jain"
    },

       {
      "codename": "PS",
      "fullname": "Pragya Shilpi"
    } ,

       {
      "codename": "SJS",
      "fullname": "Sujata Sengar"
    } ,

       {
      "codename": "PP",
      "fullname": "Parul puri"
    } ,

       {
      "codename": "SUN",
      "fullname": "Sushma Nagpal"
    },

       {
      "codename": "RKS",
      "fullname": "Rohit kumar Singh"
    }




  ],
  "timetable": [
    [
      {
        "subject": "break"    },

      {
        "subject": "EC-408 E1,EC-410 E2",
        "type": "lab",
        "professorFH": "SJS",
        "roomFH": "215/IV",
        "professorSH": "STJ",
        "roomSH": "103/V"
      } ,
{
        "subject": "EC-402",
        "professor": "NG",
        "type": "theory",
        "room": "14/IV"
      },
{
        "subject": "EC-403",
        "professor": "SJS",
        "type": "theory",
        "room": "14/IV"
      },
      {
        "subject": "break"    },

{
        "subject": "EC-401",
        "professor": "SSGL",
        "type": "theory",
        "room": "002/8A"
      },
{
        "subject": "EC-404",
        "professor": "JS",
        "type": "theory",
        "room": "002/8A"
      },
  {
        "subject": "EC-401",
        "professor": "SSGL",
        "type": "theory",
        "room": "002/8A"
      } , 
      {
        "subject": "break"    } 
  ] , [ 
    [
   {
        "subject": " break"
      },


      {
        "subject": "PROJECT",
        "professor": "",
        "type": "lab",
        "room": ""
      }  ,
      {
        "subject": "PROJECT",
        "professor": "",
        "type": "lab",
        "room": ""
      }  
,
      {
        "subject": "PROJECT",
        "professor": "",
        "type": "lab",
        "room": ""
      }  
,
      {
        "subject": "PROJECT",
        "professor": "",
        "type": "lab",
        "room": ""
      }  ,
      {
        "subject": "break"
      }
 ],
    [
      {
        "subject": "break"
      },
{
        "subject": "EC-404",
        "professor": "JS",
        "type": "theory",
        "room": "215/V"
      },
{
        "subject": "EC-405",
        "professor": "NKH",
        "type": "theory",
        "room": "215/V"
      },
{
        "subject": "EC-402",
        "professor": "NG",
        "type": "theory",
        "room": "215/V"
      },
      {
        "subject": "break"
      },
   {
        "subject": "EC-406 E1 ,EC-407 E2 ",
        "type": "lab",
        "professorFH": "DU",
        "roomFH": "101/IV",
        "professorSH": "RKS",
        "roomSH": "103/IV"
      } ,
{
        "subject": "EC-403",
        "professor": "SJS",
        "type": "theory",
        "room": "17/IV"
      },
{
        "subject": "EC-405",
        "professor": "NKH",
        "type": "theory",
        "room": "17/IV"
      },
{
        "subject": "break"
      }

],
    [
   {
        "subject": " break"
      },
{
        "subject": "EC-402",
        "professor": "NG",
        "type": "theory",
        "room": "217/V"
      },
{
        "subject": "EC-404",
        "professor": "JS",
        "type": "theory",
        "room": "217/V"
      },
{
        "subject": "EC-403",
        "professor": "SJS",
        "type": "theory",
        "room": "217/V"
      },{
        "subject": "EC-404",
        "professor": "JS",
        "type": "theory",
        "room": "217/V"
      },

      {
        "subject": "break"
      },
   
{
        "subject": "EC-401",
        "professor": "SSGL",
        "type": "theory",
        "room": "217/IV"
      },
{
        "subject": "EC-405",
        "professor": "NKH",
        "type": "theory",
        "room": "217/IV"
      },
{
        "subject": "EC-401",
        "professor": "SSGL",
        "type": "theory",
        "room": "217/V"
      },



      {
        "subject": "break"
      }


  ],
    [
      {
        "subject": "break"
      },
   {
        "subject": "EC-408 E2 ,EC-410 E1 ",
        "type": "lab",
        "professorFH": "SJS",
        "roomFH": "215/IV",
        "professorSH": "KSS",
        "roomSH": "103/V"
      } ,

   {
        "subject": "EC-406 E2 ,EC-407 E1 ",
        "type": "lab",
        "professorFH": "PS",
        "roomFH": "101/IV",
        "professorSH": "PP",
        "roomSH": "103/IV"
      } ,
{
        "subject": "Break"
      }, 

       {
        "subject": "EC-405",
        "professor": "NKH",
        "room": "215/V",
        "type": "theory"
      },
       {
        "subject": "EC-403",
        "professor": "SJS",
        "room": "215/V",
        "type": "theory"
 },
  {
        "subject": "EC-402",
        "professor": "NG",
        "room": "215/V",
        "type": "theory"
 },
 

  {
        "subject": "break"
      }   ],
    [
      {
        "subject": "break"
      },
      {
        "subject": "break"
      },
      {
        "subject": "break"
      },
      {
        "subject": "break"
      },
      {
        "subject": "break"
      },
      {
        "subject": "break"
      },
      {
        "subject": "break"
      },
      {
        "subject": "break"
      },
      {
        "subject": "break"
      },      
      {
        "subject": "break"
      }
    ]
  ]
}



