{"metadata":{
    "branch" : "ECE",
    "semester" : 1,
    "section": 1,
    "last_updated" : "8-5-1015"
  },
  "subjects": [
    {
      "code": "EC-101",
      "title": "Humanities"
    },
    {
      "code": "EC-102",
      "title": "Mathematics I"
    },
    {
      "code": "EC-103",
      "title": "Physics I"
    },
    {
      "code": "EC-104",
      "title": "Chemistry"
    },
    {
      "code": "EC-105",
      "title": "Manufacturing Process"
    },
    {
      "code": "EC-106",
      "title": "Engineering Drawing-I"
    },
    {
      "code": "EC-107",
      "title": "Physics I"
    },
    {
      "code": "EC-108",
      "title": "Chemistry"
    },
    {
      "code": "EC-109",
      "title": "Workshop-I"
    }
    ],
  "professors": [
    {
      "codename": "TC",
      "fullname": "Tanu Chaudhary"
    },
    {
      "codename": "NK",
      "fullname": "Dr. Neeraj Kumar"
    },
    {
      "codename": "OPT",
      "fullname": "OP Thakur"
    },
    {
      "codename": "ST",
      "fullname": "Sanjeev Thakur"
    },
    {
      "codename": "PJ",
      "fullname": "Purnima Jain"
    },
    {
      "codename": "AS",
      "fullname": "Dr. Anjana Sarkar"
    },
    {
      "codename": "DN",
      "fullname": "Dayanand"
    },
    {
      "codename": "NJ",
      "fullname": "Nikhil Jindal"
    },
    {
      "codename": "DG",
      "fullname": "Dulal Goldar"
    },
    {
      "codename": "RK",
      "fullname": "Ritesh Kumar"
    },
    {
      "codename": "NRK",
      "fullname": "Narendra Kumar"
    },
  {
      "codename": "BS",
      "fullname": "Bhasha Sharma"
    }
  ],
  "timetable": [
    [
      {
        "subject": "break"
      },
      {
        "subject": "EC-106(E1),EC-106(E2)",
        "professorFH": "DG,RK",
        "type": "lab",
        "professorSH": "",
        "roomSH": "",
        "roomFH": "232/VI(Hall-1)"
      },
      {
        "subject": "EC-106(E1),EC-106(E2)",
        "professorFH": "DG,RK",
        "type": "lab",
        "professorSH": "",
        "roomSH": "",
        "roomFH": "232/VI(Hall-1)"
      },
      {
        "subject": "EC-106(E1),EC-106(E2)",
        "professorFH": "DG,RK",
        "type": "lab",
        "professorSH": "",
        "roomSH": "",
        "roomFH": "232/VI(Hall-1)"
      },
	  {
        "subject": "EC-102",
        "professor": "NK",
        "type": "theory",
        "room": "13/IV"
      },
      {
        "subject": "lunchbreak"
      },
      {
        "subject": "EC-104",
        "professor": "ST",
        "type": "theory",
        "room": "13/IV"
      },
      {
        "subject": "EC-103",
        "type": "theory",
        "professor": "OPT",
        "room": "217/V"
      }, 
	  {
        "subject": "break"
      }, 
    {
        "subject": "break"
      }, 
    {
        "subject": "break"
      }
    ],
    [
      {
        "subject": "EC-101",
        "type": "theory",
        "professor": "GF",
        "room": "13/IV"
      },
      {
        "subject": "EC-102",
        "type": "theory",
        "professor": "NK",
        "room": "13/IV"
      },
      {
        "subject": "EC-101",
        "type": "theory",
        "professor": "GF",
        "room": "13/IV"
      },
      {
        "subject": "EC-104",
        "type": "theory",
        "professor": "ST",
        "room": "13/IV"
      },
	  {
        "subject": "EC-107(E1),EC-107(E2)",
        "professorFH": "DN",
		"roomFH": "219/VI",
        "professorSH": "NJ",
        "roomSH": "218/VI",
	    "type" : "lab"
      },
	  {
        "subject": "EC-107(E1),EC-107(E2)",
        "professorFH": "DN",
		"roomFH": "219/VI",
        "professorSH": "NJ",
        "roomSH": "218/VI",
	    "type" : "lab"
      },
      {
        "subject": "lunchbreak"
      },
      {
        "subject": "EC-103",
        "type": "theory",
        "professor": "OPT]",
        "room": "13/IV"
      },
      {
        "subject": "EC-105",
        "type": "theory",
        "professor": "AM",
        "room": "13/IV"
      }, 
    {
        "subject": "break"
      }, 
    {
        "subject": "break"
      }, 
    {
        "subject": "break"
      }, 
    {
        "subject": "break"
      }
    ],
    [
      {
        "subject": "break"
      },
      {
        "subject": "EC-108(E1),EC-108(E2)",
        "professorFH": "BS,PJ",
        "roomFH": "320/VI",
        "professorSH": "",
        "roomSH": "",
        "type": "lab"
      },
      {
        "subject": "EC-108(E1),EC-108(E2)",
        "professorFH": "BS,PJ",
        "roomFH": "320/VI",
        "professorSH": "",
        "roomSH": "",
        "type": "lab"
      },
      {
        "subject": "EC-108(E1),EC-108(E2)",
        "professorFH": "BS,PJ",
        "roomFH": "320/VI",
        "professorSH": "",
        "roomSH": "",
        "type": "lab"
      },
      {
        "subject": "lunchbreak"
      },
      {
        "subject": "EC-102",
        "professor": "NK",
        "room": "13/IV",
        "type": "theory"
      },
      {
        "subject": "EC-105",
        "professor": "AM",
        "room": "13/IV",
        "type": "theory"
      },
      {
        "subject": "break"
      },
      {
        "subject": "break"
      }, 
    {
        "subject": "break"
      }, 
    {
        "subject": "break"
      }, 
    {
        "subject": "break"
      }
    ],
    [
      {
        "subject": "EC-105",
        "professor": "AM",
        "room": "13/IV",
        "type": "theory"
      },
      {
        "subject": "EC-102",
        "professor": "NK",
        "room": "13/IV",
        "type": "theory"
      },
      {
        "subject": "EC-104",
        "professor": "ST",
        "room": "13/IV",
        "type": "theory"
      },
      {
        "subject": "EC-103",
        "professor": "OPT",
        "room": "13/IV",
        "type": "theory"
      },
	  {
        "subject": "lunchbreak"
      },
      {
        "subject": "EC-101",
        "professor": "TC",
        "room": "13/IV",
        "type": "theory"
      },      
      {
        "subject": "EC-105",
        "professor": "AM",
        "room": "13/IV",
        "type": "theory"
      },
      {
        "subject": "EC-101",
        "professor": "TC",
        "room": "13/IV",
        "type": "theory"
      },
      {
        "subject": "break"
      }, 
    {
        "subject": "break"
      }, 
    {
        "subject": "break"
      }
   ],
   [
      {
        "subject": "break"
      },
      {
        "subject": "EC-103",
        "professor": "OPT",
        "room": "17/IV",
        "type": "theory"
      },
      {
        "subject": "EC-104",
        "professor": "AS",
        "room": "13/IV",
        "type": "theory"
      },
      {
        "subject": "EC-109(E1),EC-109(E2)",
        "professorFH": "NRK",
        "professorSH": "",
        "roomSH": "",
        "roomFH": "central workshop",
        "type": "lab"
      },
      {
        "subject": "EC-109(E1),EC-109(E2)",
        "professorFH": "NRK",
        "professorSH": "",
        "roomSH": "",
        "roomFH": "central workshop",
        "type": "lab"
      },
      {
        "subject": "EC-109(E1),EC-109(E2)",
        "professorFH": "NRK",
        "professorSH": "",
        "roomSH": "",
        "roomFH": "central workshop",
        "type": "lab"
      },
      {
        "subject": "break"
      },
      {
        "subject": "break"
      },
      {
        "subject": "break"
      }, 
    {
        "subject": "break"
      }, 
    {
        "subject": "break"
      }
    ],
    [
      {
        "subject": "break"
      },
      {
        "subject": "break"
      },
      {
        "subject": "break"
      },
      {
        "subject": "break"
      },
      {
        "subject": "break"
      },
      {
        "subject": "break"
      },
      {
        "subject": "break"
      },
      {
        "subject": "break"
      },
      {
        "subject": "break"
      },      
      {
        "subject": "break"
      }, 
    {
        "subject": "break"
      }
    ],
    [
      {
        "subject": "break"
      },
      {
        "subject": "break"
      },
      {
        "subject": "break"
      },
      {
        "subject": "break"
      },
      {
        "subject": "break"
      },
      {
        "subject": "break"
      },
      {
        "subject": "break"
      },
      {
        "subject": "break"
      },
      {
        "subject": "break"
      },      
      {
        "subject": "break"
      }, 
    {
        "subject": "break"
      }
    ]
  ]}