{"metadata":{
    "branch" : "ECE",
    "semester" : 1,
    "section": 2,
    "last_updated" : "8-5-1015"
  },
  "subjects": [
    {
      "code": "EC-101",
      "title": "Humanities"
    },
    {
      "code": "EC-102",
      "title": "Mathematics I"
    },
    {
      "code": "EC-103",
      "title": "Physics I"
    },
    {
      "code": "EC-104",
      "title": "Chemistry"
    },
    {
      "code": "EC-105",
      "title": "Manufacturing Process"
    },
    {
      "code": "EC-106",
      "title": "Engineering Drawing-I"
    },
    {
      "code": "EC-107",
      "title": "Physics I"
    },
    {
      "code": "EC-108",
      "title": "Chemistry"
    },
    {
      "code": "EC-109",
      "title": "Workshop-I"
    }
    ],
  "professors": [
    {
      "codename": "TC",
      "fullname": "Tanu Chaudhary"
    },
    {
      "codename": "NK",
      "fullname": "Dr. Neeraj Kumar"
    },
    {
      "codename": "OPT",
      "fullname": "OP Thakur"
    },
    {
      "codename": "ST",
      "fullname": "Sanjeev Thakur"
    },
    {
      "codename": "HMP",
      "fullname": "Himanshu Payal"
    },
    {
      "codename": "AS",
      "fullname": "Dr. Anjana Sarkar"
    },
    {
      "codename": "DN",
      "fullname": "Dayanand"
    },
    {
      "codename": "NJ",
      "fullname": "Nikhil Jindal"
    },
    {
      "codename": "RKS",
      "fullname": "RK Saluja"
    },
    {
      "codename": "SKC",
      "fullname": "Sanjay Chak"
    },
    {
      "codename": "NRK",
      "fullname": "Narendra Kumar"
    },
  {
      "codename": "DK",
      "fullname": "DK Singh"
    },
	{
      "codename": "SHS",
      "fullname": "Shantanu Sood"
    },
	{
      "codename": "AKB",
      "fullname": "Ajaya Kumar Bagi"
    },
    {
      "codename": "MK",
      "fullname": "Manish Kumar"
    }
  ],
  "timetable": [
    [
      {
        "subject": "EC-104",
        "type": "theory",
        "professor": "ST",
        "room": "14/IV"
      },  
      {
        "subject": "EC-106(E1),EC-106(E2)",
        "professorFH": "SHS,MK",
        "type": "lab",
        "professorSH": "",
        "roomSH": "",
        "roomFH": "232/VI"
      },
      {
        "subject": "EC-106(E1),EC-106(E2)",
        "professorFH": "SHS,MK",
        "type": "lab",
        "professorSH": "",
        "roomSH": "",
        "roomFH": "232/VI"
      },
      {
        "subject": "EC-106(E1),EC-106(E2)",
        "professorFH": "SHS,MK",
        "type": "lab",
        "professorSH": "",
        "roomSH": "",
        "roomFH": "232/VI"
      },
      {
        "subject": "lunchbreak"
      },
      {
        "subject": "EC-101",
        "professor": "TC",
        "type": "theory",
        "room": "217/V"
      },
      {
        "subject": "EC-103",
        "type": "theory",
        "professor": "OPT",
        "room": "217/V"
      }, 
      {
        "subject": "break"
      },
      {
        "subject": "break"
      },
	  {
        "subject": "break"
      }
    ],
    [
      {
        "subject": "EC-101",
        "type": "theory",
        "professor": "TC",
        "room": "14/IV"
      },
      {
        "subject": "EC-105",
        "type": "theory",
        "professor": "HMP",
        "room": "14/IV"
      },
      {
        "subject": "EC-103",
        "type": "theory",
        "professor": "OPT",
        "room": "14/IV"
      },
      {
        "subject": "EC-102",
        "type": "theory",
        "professor": "NK",
        "room": "14/IV"
      },
      {
        "subject": "lunchbreak"
      },
      {
        "subject": "EC-104",
        "type": "theory",
        "professor": "ST",
        "room": "14/IV"
      },
      {
        "subject": "break"
      },
      {
        "subject": "break"
      },
      {
        "subject": "break"
      },
      {
        "subject": "break"
      }
    ],
    [
      {
        "subject": "break"
      },
      {
        "subject": "break"
      },
      {
        "subject": "EC-101",
        "professor": "TC",
        "room": "14/IV",
        "type": "theory"
      },
      {
        "subject": "EC-102",
        "professor": "NK",
        "room": "14/IV",
        "type": "theory"
      },
      {
        "subject": "EC-105",
        "professor": "HMP",
        "room": "14/IV",
        "type": "theory"
      },
      {
        "subject": "lunchbreak"
      },
      {
        "subject": "EC-108(E1),EC-108(E2)",
        "professorFH": "ST,AKB",
        "roomFH": "320/VI",
        "professorSH": "",
        "roomSH": "",
        "type": "lab"
      },
      {
        "subject": "EC-108(E1),EC-108(E2)",
        "professorFH": "ST,AKB",
        "roomFH": "320/VI",
        "professorSH": "",
        "roomSH": "",
        "type": "lab"
      },
      {
        "subject": "EC-108(E1),EC-108(E2)",
        "professorFH": "ST,AKB",
        "roomFH": "320/VI",
        "professorSH": "",
        "roomSH": "",
        "type": "lab"
      },
      {
        "subject": "break"
      }
    ],
    [
      {
        "subject": "break"
      },
      {
        "subject": "break"
      },
      {
        "subject": "EC-101",
        "professor": "TC",
        "room": "14/IV",
        "type": "theory"
      },
      {
        "subject": "EC-102",
        "professor": "NK",
        "room": "14/IV",
        "type": "theory"
      },
      {
        "subject": "EC-105",
        "professor": "HMP",
        "room": "14/IV",
        "type": "theory"
      },
      {
        "subject": "lunchbreak"
      },
      {
        "subject": "EC-103",
        "professor": "OPT",
        "room": "14/IV",
        "type": "theory"
      },
      {
        "subject": "EC-109(E1),EC-109(E2)",
        "professorFH": "SKC,DKS",
        "roomFH": "central workshop",
        "professorSH": "",
        "roomSH": "",
        "type": "lab"
      },
      {
        "subject": "EC-109(E1),EC-109(E2)",
        "professorFH": "SKC,DKS",
        "roomFH": "central workshop",
        "professorSH": "",
        "roomSH": "",
        "type": "lab"
      },
      {
        "subject": "EC-109(E1),EC-109(E2)",
        "professorFH": "SKC,DKS",
        "roomFH": "central workshop",
        "professorSH": "",
        "roomSH": "",
        "type": "lab"
      }
   ],
   [
      {
        "subject": "EC-102",
        "professor": "NK",
        "room": "17/IV",
        "type": "theory"
      },
      {
        "subject": "EC-102(E1),EC-102(E2)",
        "professorFH": "NJ",
        "roomFH": "218/VI",
        "professorSH" : "DN",
        "roomSH" : "219/VI",
        "type": "lab"
      },
      {
        "subject": "EC-103",
        "professor": "OPT",
        "room": "14/IV",
        "type": "theory"
      },
      {
        "subject": "EC-104",
        "professor": "ST",
        "room": "14/IV",
        "type": "theory"
      },
      {
        "subject": "lunchbreak"
      },
      {
        "subject": "EC-104",
        "professor": "AS",
        "room": "14/IV",
        "type": "theory"
      },
      {
        "subject": "EC-105",
        "professor": "HMP",
        "room": "14/IV",
        "type": "theory"
      },
      {
        "subject": "break"
      },
      {
        "subject": "break"
      }
    ],
    [
      {
        "subject": "break"
      },
      {
        "subject": "break"
      },
      {
        "subject": "break"
      },
      {
        "subject": "break"
      },
      {
        "subject": "break"
      },
      {
        "subject": "break"
      },
      {
        "subject": "break"
      },
      {
        "subject": "break"
      },
      {
        "subject": "break"
      },      
      {
        "subject": "break"
      }
    ],
    [
      {
        "subject": "break"
      },
      {
        "subject": "break"
      },
      {
        "subject": "break"
      },
      {
        "subject": "break"
      },
      {
        "subject": "break"
      },
      {
        "subject": "break"
      },
      {
        "subject": "break"
      },
      {
        "subject": "break"
      },
      {
        "subject": "break"
      },      
      {
        "subject": "break"
      },      
      {
        "subject": "break"
      }
    ]
  ]
}