{"metadata":{
    "branch" : "ECE",
    "semester" : 3,
    "section": 1,
    "last_updated" : "8-5-2015"
  },
  "subjects": [
    {
      "code": "EC-201",
      "title": "Electronics I"
    },
    {
      "code": "EC-202",
      "title": "Circuits and Systems I"
    },
    {
      "code": "EC-203",
      "title": "Electrical Machines I"
    },
    {
      "code": "EC-204",
      "title": "Electrical Measurements"
    },
    {
      "code": "EC-205",
      "title": "Mathematics III"
    },
    {
      "code": "EC-206",
      "title": "Electronics I"
    },
    {
      "code": "EC-207",
      "title": "Electrical Machines I"
    },
    {
      "code": "EC-208",
      "title": "Electrical Measurements"
    },
    {
      "code": "EC-209",
      "title": "Machine Drawing"
    },
  {
      "code": "EC-210",
      "title": "Programming I"
    }
    ],
  "professors": [
    {
      "codename": "MG",
      "fullname": "Maneesha Gupta"
    },
    {
      "codename": "PG",
      "fullname": "Parul Garg"
    },
    {
      "codename": "BK",
      "fullname": "Bhuvnesh Kumar"
    },
    {
      "codename": "VKS",
      "fullname": "Vicky Suri"
    },
    {
      "codename": "JKM",
      "fullname": "JK Mishra"
    },
    {
      "codename": "JJ",
      "fullname": "J Jena"
    },
    {
      "codename": "MM",
      "fullname": "Mamta Mishra"
    },
    {
      "codename": "VYA",
      "fullname": "Vijayant Agarwal"
    },
    {
      "codename": "ANJ",
      "fullname": "AN Jha"
    },
    {
      "codename": "SANG",
      "fullname": "Sanjay Gupta"
    },
    {
      "codename": "MSD",
      "fullname": "MS Dharmi"
    },
	{
      "codename": "JSB",
      "fullname": "JS Brar"
    }
  ],
  "timetable": [
    [
      {
        "subject": "EC-205",
        "professor": "JKM",
        "type": "theory",
        "room": "17/IV"
      },
      {
        "subject": "EC-204",
        "professor": "VKS",
        "type": "theory",
        "room": "17/IV"
      },
      {
        "subject": "EC-203",
        "professor": "BK",
        "type": "theory",
        "room": "17/IV"
      },
	  {
        "subject": "EC-202",
        "professor": "PG",
        "type": "theory",
        "room": "17/IV"
      },
      {
        "subject": "lunchbreak"
      },
      {
        "subject": "EC-206(E1),EC-207(E2)",
        "professorFH": "JS",
        "roomFH": "12/IV",
        "professorSH": "BK",
        "roomSH": "08/VI",
	 "type" : "lab"
      },
      {
        "subject": "EC-206(E1),EC-207(E2)",
        "professorFH": "JS",
        "roomFH": "12/IV",
        "professorSH": "BK",
        "roomSH": "08/VI",
	 "type" : "lab"
      },
	  {
        "subject": "EC-208(E1),EC-210(E2)",
        "professorFH": "JY",
        "roomFH": "142/VI",
        "professorSH": "NK",
        "roomSH": "318/VI,319/VI",
	 "type" : "lab"
      },
      {
        "subject": "EC-208(E1),EC-210(E2)",
        "professorFH": "JY",
        "roomFH": "142/VI",
        "professorSH": "NK",
        "roomSH": "318/VI,319/VI",
	 "type" : "lab"
      },
      {
        "subject": "break"
      },
      {
        "subject": "break"
      },      
      {
        "subject": "break"
      },
      {
        "subject": "break"
      },
      {
        "subject": "break"
      },      
      {
        "subject": "break"
      }
    ],
    [
      {
        "subject": "break"
      },
      {
        "subject": "break"
      },
      {
        "subject": "break"
      },
      {
        "subject": "EC-206(E2),EC-210(E1)",
        "professorFH": "JKS",
        "roomFH": "318/VI,319/VI",
        "professorSH": "JS",
        "roomSH": "12/IV",
	 "type" : "lab"
      },
	{
        "subject": "EC-206(E2),EC-210(E1)",
        "professorFH": "JKS",
        "roomFH": "318/VI,319/VI",
        "professorSH": "JS",
        "roomSH": "12/IV",
	 "type" : "lab"
      },
      {
        "subject": "lunchbreak"
      },
      {
        "subject": "EC-201",
        "type": "theory",
        "professor": "MG",
        "room": "17/IV"
      },
      {
        "subject": "EC-203",
        "type": "theory",
        "professor": "BK",
        "room": "17/IV"
      },
     {
        "subject": "EC-204",
        "type": "theory",
        "professor": "VKS",
        "room": "17/IV"
      },
      {
        "subject": "break"
      },
      {
        "subject": "break"
      },      
      {
        "subject": "break"
      },
      {
        "subject": "break"
      },
      {
        "subject": "break"
      },      
      {
        "subject": "break"
      }
    ],
    [
      {
        "subject": "EC-205",
        "type": "theory",
        "professor": "JKM",
        "room": "17/IV"
      },
      {
        "subject": "EC-202",
        "type": "theory",
        "professor": "PG",
        "room": "17/IV"
      },
      {
        "subject": "EC-201",
        "type": "theory",
        "professor": "MG",
        "room": "17/IV"
      },
      {
        "subject": "EC-203",
        "type": "theory",
        "professor": "BK",
        "room": "17/IV"
      },
      {
        "subject": "EC-201",
        "type": "theory",
        "professor": "MG",
        "room": "17/IV"
      },
      {
        "subject": "lunchbreak"
      },
      {
        "subject": "EC-209",
        "professorFH": "SANG,GF-17",
        "roomFH": "233/VI(Hall-3)",
        "professorSH": "",
        "roomSH": "",
	 "type" : "lab"
      },
      {
        "subject": "EC-209",
        "professorFH": "SANG,GF-17",
        "roomFH": "233/VI(Hall-3)",
        "professorSH": "",
        "roomSH": "",
	 "type" : "lab"
      },
      {
        "subject": "EC-209",
        "professorFH": "SANG,GF-17",
        "roomFH": "233/VI(Hall-3)",
        "professorSH": "",
        "roomSH": "",
	 "type" : "lab"
      },
      {
        "subject": "break"
      },
      {
        "subject": "break"
      },      
      {
        "subject": "break"
      },
      {
        "subject": "break"
      },
      {
        "subject": "break"
      },      
      {
        "subject": "break"
      }
     ],
    [
      {
        "subject": "break"
      },
      {
        "subject": "break"
      },
      {
        "subject": "EC-204",
        "professor": "VKS",
        "room": "17/IV",
        "type": "theory"
      },
      {
        "subject": "EC-205",
        "professor": "JKM",
        "room": "17/IV",
        "type": "theory"
      },
      {
        "subject": "EC-201",
        "professor": "MG",
        "room": "17/IV",
        "type": "theory"
      },
	  {
        "subject": "lunchbreak"
      },
      {
        "subject": "EC-202",
        "professor": "PG",
        "room": "17/IV",
        "type": "theory"
      },      
      {
        "subject": "EC-207(E1),EC-208(E2)",
        "professorFH": "SKJW",
        "roomFH": "08/VI",
        "professorSH": "RJNS",
        "roomSH": "142/VI",
	 "type" : "lab"
      },
      {
        "subject": "EC-201",
        "professor": "TC",
        "room": "17/IV",
        "type": "theory"
      },
      {
        "subject": "break"
      },
      {
        "subject": "break"
      },      
      {
        "subject": "break"
      }
   ],
   [
      {
        "subject": "break"
      },
      {
        "subject": "EC-205",
        "professor": "JKM",
        "room": "17/IV",
        "type": "theory"
      },
      {
        "subject": "EC-202",
        "professor": "PG",
        "room": "17/IV",
        "type": "theory"
      },
      {
        "subject": "EC-204",
        "professor": "VKS",
        "room": "17/IV",
        "type": "theory"
      },
      {
        "subject": "EC-203",
        "professor": "BK",
        "room": "17/IV",
        "type": "theory"
      },
      {
        "subject": "lunchbreak"
      },
      {
        "subject": "break"
      },
      {
        "subject": "break"
      },
      {
        "subject": "break"
      },
      {
        "subject": "break"
      },
      {
        "subject": "break"
      },      
      {
        "subject": "break"
      },
      {
        "subject": "break"
      },
      {
        "subject": "break"
      },      
      {
        "subject": "break"
      }
    ],
    [
      {
        "subject": "break"
      },
      {
        "subject": "break"
      },
      {
        "subject": "break"
      },
      {
        "subject": "break"
      },
      {
        "subject": "break"
      },
      {
        "subject": "break"
      },
      {
        "subject": "break"
      },
      {
        "subject": "break"
      },
      {
        "subject": "break"
      },      
      {
        "subject": "break"
      },
      {
        "subject": "break"
      },
      {
        "subject": "break"
      },      
      {
        "subject": "break"
      }
    ],
    [
      {
        "subject": "break"
      },
      {
        "subject": "break"
      },
      {
        "subject": "break"
      },
      {
        "subject": "break"
      },
      {
        "subject": "break"
      },
      {
        "subject": "break"
      },
      {
        "subject": "break"
      },
      {
        "subject": "break"
      },
      {
        "subject": "break"
      },      
      {
        "subject": "break"
      },
      {
        "subject": "break"
      },
      {
        "subject": "break"
      },      
      {
        "subject": "break"
      }
    ]
  ]
}