{
  "metadata":{
    "branch" : "ECE",
    "semester" : 5,
    "section": 1,
    "last_updated" : "8-5-3015"
  },
  "subjects": [
    {
      "code": "EC-301",
      "title": "Transmission lines & wave guides"
    },
    {
      "code": "EC-302",
      "title": "Control engineering"
    },
    {
      "code": "EC-303",
      "title": "Computer systems & organisations"
    },
    {
      "code": "EC-304",
      "title": "Linear integrated circuits"
    },
    {
      "code": "EC-305",
      "title": "Ind. Org & managerial Economics"
    },
    {
      "code": "EC-306",
      "title": "Computer systems & organisations"
    },
    {
      "code": "EC-307",
      "title": "Linear integrated circuits"
    },
    {
      "code": "EC-308",
      "title": "Control engineering"
    },
    {
      "code": "EC-309",
      "title": "Programming III"
    }   
    ],
  "professors": [
    {
      "codename": "DU",
      "fullname": "D Upadhyay"
    },
    {
      "codename": "SKJ",
      "fullname": "SK Jha"
    },
    {
      "codename": "NRK",
      "fullname": "Neeraj Kohli"
    },
    {
      "codename": "RS",
      "fullname": "Raj senani"
    },
    {
      "codename": "PS",
      "fullname": "Parineeta sidhu"
    },
    {
      "codename": "PNK",
      "fullname": "Pinaki Chakraborty"
    },
    {
      "codename": "SUN",
      "fullname": "Sushma Nagpal"
    },
    {
      "codename": "VNK",
      "fullname": "Vineet kumar"
    },
    {
      "codename": "DK",
      "fullname": "Devendra Kumar"
    },
    {
      "codename": "VIJ",
      "fullname": "Vijander"
    },
    {
      "codename": "SG",
      "fullname": "Shweta Gautam"
    },
  {
      "codename": "PSH",
      "fullname": "Piyush saxena"
    },
	{
      "codename": "MDS",
      "fullname": "MD Singh"
    },
	{
      "codename": "VNS",
      "fullname": "Vinay Sharma"
    },
	{
      "codename": "VKS",
      "fullname": "Vikas"
    },
	{
      "codename": "AKY",
      "fullname": "Anil Kumar yadav"
    },
    {
      "codename": "RV",
      "fullname": "Rakesh Verma"
    },
	{
      "codename": "VEN",
      "fullname": "Veenu"
    },
	{
      "codename": "RK",
      "fullname": "Rajiv Kumar"
    }
  ],
  "timetable": [
    [
      {
        "subject": "EC-304",
        "professor": "RS",
        "type": "theory",
        "room": "002/8A"
      },
      {
        "subject": "EC-303",
        "professor": "NRK",
        "type": "theory",
        "room": "002/8A"
      },
	  {
        "subject": "EC-302",
        "professor": "SKJ",
        "type": "theory",
        "room": "002/8A"
      },
      {
        "subject": "lunchbreak"
      },
      {
        "subject": "EC-307(E1),EC-306(E2)",
        "professorFH": "SG",
        "roomFH": "216/IV",
        "professorSH": "PNK",
        "roomSH": "112/IV",
	     "type" : "lab"
      },
      {
        "subject": "EC-307(E1),EC-306(E2)",
        "professorFH": "SG",
        "roomFH": "216/IV",
        "professorSH": "PNK",
        "roomSH": "112/IV",
	     "type" : "lab"
      },
      {
        "subject": "EC-306(E1),EC-307(E2)",
        "professorFH": "RV",
        "roomFH": "112/IV",
        "professorSH": "RK",
        "roomSH": "216/IV",
	     "type" : "lab"
      },
	  {
        "subject": "EC-306(E1),EC-307(E2)",
        "professorFH": "RV",
        "roomFH": "112/IV",
        "professorSH": "RK",
        "roomSH": "216/IV",
	     "type" : "lab"
      }
    ],
    [
      {
        "subject": "EC-308(E1),EC-309(E2)",
        "professorFH": "VIJ",
        "roomFH": "112/VI",
        "professorSH": "SUN",
        "roomSH": "202/V",
	     "type" : "lab"
      },
      {
        "subject": "EC-308(E1),EC-309(E2)",
        "professorFH": "VIJ",
        "roomFH": "112/VI",
        "professorSH": "SUN",
        "roomSH": "202/V",
	     "type" : "lab"
      },
      {
        "subject": "EC-301",
        "professor": "DU",
        "type": "theory",
        "room": "002/8A"
      },
	  {
        "subject": "EC-302",
        "professor": "RS",
        "type": "theory",
        "room": "002/8A"
      },
	  {
        "subject": "lunchbreak"
      },
      {
        "subject": "EC-302",
        "professor": "SKJ",
        "type": "theory",
        "room": "002/8A"
      },
	{
        "subject": "EC-303",
        "professor": "NRK",
        "type": "theory",
        "room": "002/8A"
      },
      {
        "subject": "EC-305",
        "professor": "DAK",
        "type": "theory",
        "room": "002/8A"
      }
    ],
    [
      {
        "subject": "EC-301",
        "type": "theory",
        "professor": "DU",
        "room": "002/8A"
      },
      {
        "subject": "EC-303",
        "type": "theory",
        "professor": "NRK",
        "room": "002/8A"
      },
      {
        "subject": "EC-304",
        "type": "theory",
        "professor": "RS",
        "room": "002/8A"
      },
	  {
        "subject": "EC-305",
        "type": "theory",
        "professor": "DAK",
        "room": "002/8A"
      },
      {
        "subject": "break"
      },
      {
        "subject": "EC-302",
        "type": "theory",
        "professor": "SKJ",
        "room": "002/8A"
      },
      {
        "subject": "break"
      },
      {
        "subject": "break"
      }
     ],
    [
      {
        "subject": "EC-308(E2),EC-309(E1)",
        "professorFH": "SUN",
        "roomFH": "202/V",
        "professorSH": "PSH",
        "roomSH": "112/IV",
	     "type" : "lab"
      },
      {
        "subject": "EC-308(E2),EC-309(E1)",
        "professorFH": "SUN",
        "roomFH": "202/V",
        "professorSH": "PSH",
        "roomSH": "112/IV",
	     "type" : "lab"
      },
      {
        "subject": "EC-304",
        "type": "theory",
        "professor": "RS",
        "room": "002/8A"
      },
	  {
        "subject": "EC-301",
        "type": "theory",
        "professor": "DU",
        "room": "002/8A"
      },
	  {
        "subject": "lunchbreak"
      },
      {
        "subject": "EC-305",
        "type": "theory",
        "professor": "DAK",
        "room": "002/8A"
      },
      {
        "subject": "break"
      },
	  {
        "subject": "break"
      }
   ],
   [
      {
        "subject": "EC-301",
        "type": "theory",
        "professor": "DU",
        "room": "002/8A"
      }, 
      {
        "subject": "EC-303",
        "type": "theory",
        "professor": "NRK",
        "room": "002/8A"
      },
      {
        "subject": "EC-305",
        "type": "theory",
        "professor": "DAK",
        "room": "002/8A"
      },
      {
        "subject": "EC-302",
        "professor": "SKJ",
        "room": "002/8A",
        "type": "theory"
      },
      {
        "subject": "break"
      },
      {
        "subject": "break"
      },
      {
        "subject": "break"
      },
      {
        "subject": "break"
      }
    ],
    [
      {
        "subject": "break"
      },
      {
        "subject": "break"
      },
      {
        "subject": "break"
      },
      {
        "subject": "break"
      },
      {
        "subject": "break"
      },
      {
        "subject": "break"
      },
      {
        "subject": "break"
      },
      {
        "subject": "break"
      },
      {
        "subject": "break"
      },      
      {
        "subject": "break"
      }
    ],
    [
      {
        "subject": "break"
      },
      {
        "subject": "break"
      },
      {
        "subject": "break"
      },
      {
        "subject": "break"
      },
      {
        "subject": "break"
      },
      {
        "subject": "break"
      },
      {
        "subject": "break"
      },
      {
        "subject": "break"
      },
      {
        "subject": "break"
      },      
      {
        "subject": "break"
      }
    ]
  ]
}