{
  "metadata":{
    "branch" : "EC",
    "semester" : 7,
    "section": 2,
    "last_updated" : "8-1-2015"
  },
  "subjects": [
    {
      "code": "EC-401",
      "title": "Microwave Engg."
    },
    {
      "code": "EC-402",
      "title": "Digital Circuits & Systems-II"
    },
    {
      "code": "EC-403",
      "title": "Communication Systems"
    },
    {
      "code": "EC-404",
      "title": "Digital Signal and Processing-I"
    },
    {
      "code": "EC-405",
      "title": "Optical Fibers (Elective II)"
    },
    {
      "code": "EC-406",
      "title": "101/IV"
    },
    {
      "code": "EC-407",
      "title": "103/IV"
    },
    {
      "code": "EC-408",
      "title": "215/IV"
    },
     {
      "code": "EC-410",
      "title": "103/V"
    }
  ],
  "professors": [
    {
      "codename": "SM",
      "fullname": "Shailesh Mishra"
    },
    {
      "codename": "AG",
      "fullname": "Akash Gupta"
    },
    {
      "codename": "HDT",
      "fullname": "Hardeov Thakur"
    },
    {
      "codename": "SPS",
      "fullname": "SP Singh"
    },
    {
      "codename": "KSS",
      "fullname": "Khushil Saini"
    },
    {
      "codename": "DU",
      "fullname":"D Upadhyay"
    },

       {
      "codename": "RCB",
      "fullname": "Rochak Bajpai"
    } ,

       {
      "codename": "RK",
      "fullname": "Rohit Kumar singh"
    } ,

       {
      "codename": "AB",
      "fullname": "Ankur Bansal"
    } ,

       {
      "codename": "SUN",
      "fullname": "Sushma Nagpal"
    },

       {
      "codename": "DPK",
      "fullname": "Deepika Khukreja"
    }




  ],
  "timetable": [
    [
      {
        "subject": "break"    },
{
        "subject": "EC-402",
        "professor": "RK",
        "type": "theory",
        "room": "217/V"
      },
{
        "subject": "EC-401",
        "professor": "SM",
        "type": "theory",
        "room": "217/V"
      },
{
        "subject": "EC-404",
        "professor": "DU",
        "type": "theory",
        "room": "217/V"
      },
      {
        "subject": "break"    },
      {
        "subject": "EC-406,EC-407",
        "type": "lab",
        "professorFH": "DU",
        "roomFH": "101/IV",
        "professorSH": "PR",
        "roomSH": "103/IV"
      } , {
        "subject": "EC-403",
        "professor": "SPS",
        "type": "theory",
        "room": "217/V"
      },
  {
        "subject": "EC-401",
        "professor": "SM",
        "type": "theory",
        "room": "217/V"
      } , 
      {
        "subject": "break"    } 
  ] , [ 
{
        "subject": "break"    } 
,

      {
        "subject": "EC-408 E1 ,EC-410 E2 ",
        "type": "lab",
        "professorFH": "AB",
        "roomFH": "215/IV",
        "professorSH": "KSS",
        "roomSH": "103/V"
      } ,
{
        "subject": "EC-405",
        "professor": "RCB",
        "type": "theory",
        "room": "217/V"
      }, {
        "subject": "EC-402",
        "professor": "RK",
        "type": "theory",
        "room": "217/V"
      } , 
   {
        "subject": "break"    },   
{
        "subject": "EC-404",
        "professor": "DU",
        "type": "theory",
        "room": "217/V"
      }, {
        "subject": "EC-403",
        "professor": "SPS",
        "type": "theory",
        "room": "217/V"
      },
{
        "subject": "EC-405",
        "professor": "RCB",
        "type": "theory",
        "room": "217/V"
      },

             {
        "subject": "break"
      }
 ],
    [
      {
        "subject": "break"
      },
{
        "subject": "EC-403",
        "professor": "SPS",
        "type": "theory",
        "room": "217/V"
      },
{
        "subject": "EC-401",
        "professor": "SM",
        "type": "theory",
        "room": "217/V"
      },
{
        "subject": "EC-404",
        "professor": "DU",
        "type": "theory",
        "room": "217/V"
      },
      {
        "subject": "break"
      },
   {
        "subject": "EC-408 E2 ,EC-410 E1 ",
        "type": "lab",
        "professorFH": "RCB",
        "roomFH": "215/IV",
        "professorSH": "HDT",
        "roomSH": "103/V"
      } ,
{
        "subject": "EC-405",
        "professor": "RCB",
        "type": "theory",
        "room": "217/V"
      },
{
        "subject": "EC-402",
        "professor": "RK",
        "type": "theory",
        "room": "217/V"
      },
{
        "subject": "break"
      }

],
    [
   {
        "subject": " break"
      },


      {
        "subject": "PROJECT",
        "professor": "",
        "type": "lab",
        "room": ""
      }  ,
      {
        "subject": "PROJECT",
        "professor": "",
        "type": "lab",
        "room": ""
      }  
,
      {
        "subject": "PROJECT",
        "professor": "",
        "type": "lab",
        "room": ""
      }  
,
      {
        "subject": "PROJECT",
        "professor": "",
        "type": "lab",
        "room": ""
      }  ,
      {
        "subject": "break"
      }


  ],
    [
      {
        "subject": "break"
      },
  {
        "subject": "EC-403",
        "professor": "SPS",
        "room": "217/V",
        "type": "theory"
      },  
       {
        "subject": "EC-402",
        "professor": "RK",
        "room": "217/V",
        "type": "theory"
      },
       {
        "subject": "EC-404",
        "professor": "DU",
        "room": "217/V",
        "type": "theory"
 },
  {
        "subject": "EC-401",
        "professor": "SM",
        "room": "217/V",
        "type": "theory"
 },
 {
        "subject": "Break"
      }, 
     {
        "subject": "EC-405",
        "professor": "RCB",
        "room": "217/V",
        "type": "theory"
 },
   {
        "subject": "EC-406 E2 ,EC-407 E1 ",
        "type": "lab",
        "professorFH": "SM",
        "roomFH": "101/IV",
        "professorSH": "AG",
        "roomSH": "103/IV"
      } ,

  {
        "subject": "break"
      }   ],
    [
      {
        "subject": "break"
      },
      {
        "subject": "break"
      },
      {
        "subject": "break"
      },
      {
        "subject": "break"
      },
      {
        "subject": "break"
      },
      {
        "subject": "break"
      },
      {
        "subject": "break"
      },
      {
        "subject": "break"
      },
      {
        "subject": "break"
      },      
      {
        "subject": "break"
      }
    ]
  ]
}


