{
  "metadata":{
    "branch" : "ECE",
    "semester" : 1,
    "section": 3,
    "last_updated" : "8-4-1015"
  },
  "subjects": [
    {
      "code": "EC-101",
      "title": "Humanities"
    },
    {
      "code": "EC-102",
      "title": "Mathematics I"
    },
    {
      "code": "EC-103",
      "title": "Physics I"
    },
    {
      "code": "EC-104",
      "title": "Chemistry"
    },
    {
      "code": "EC-105",
      "title": "Manufacturing Process"
    },
    {
      "code": "EC-106",
      "title": "Engineering Drawing-I"
    },
    {
      "code": "EC-107",
      "title": "Physics I"
    },
    {
      "code": "EC-108",
      "title": "Chemistry"
    },
    {
      "code": "EC-109",
      "title": "Workshop-I"
    }
    ],
  "professors": [
    {
      "codename": "GF",
      "fullname": "Guest Faculty"
    },
    {
      "codename": "NK",
      "fullname": "Dr. Neeraj Kumar"
    },
    {
      "codename": "AnS",
      "fullname": "Dr. Anjani Singh"
    },
    {
      "codename": "PJ",
      "fullname": "Poornima Jain"
    },
    {
      "codename": "RY",
      "fullname": "Dr. Ruchika Yogesh"
    },
    {
      "codename": "AS",
      "fullname": "Dr. Anjana Sarkar"
    },
    {
      "codename": "DN",
      "fullname": "Dayanand"
    },
    {
      "codename": "NJ",
      "fullname": "Nikhil Jindal"
    },
    {
      "codename": "ANR",
      "fullname": "Andriya Narasimhulu"
    },
    {
      "codename": "YS",
      "fullname": "Yodgeshwar Sharma"
    },
    {
      "codename": "NRK",
      "fullname": "Narendra Kumar"
    },
    {
      "codename": "DRG",
      "fullname": "DR Gupta"
    }
  ],
  "timetable": [
    [
      {
        "subject": "EC-109(E1),EC-109(E2)",
        "professorFH": "DRG",
        "type": "lab",
        "roomFH": "central workshop",
        "professorSH": "",
        "roomSH": ""
      },
      {
        "subject": "EC-109(E1),EC-109(E2)",
        "professorFH": "DRG",
        "type": "lab",
        "roomFH": "central workshop",
        "professorSH": "",
        "roomSH": ""
      },
      {
        "subject": "EC-109(E1),EC-109(E2)",
        "professorFH": "DRG",
        "professorSH": "",
        "roomSH": "",
        "type": "lab",
        "roomFH": "central workshop"
      },
      {
        "subject": "EC-104",
        "type": "theory",
        "professor": "PJ",
        "room": "13/IV"
      },  
      
      {
        "subject": "lunchbreak"
      },
      {
        "subject": "EC-105",
        "professor": "LC",
        "type": "theory",
        "room": "222/V"
      },
      {
        "subject": "EC-102",
        "type": "theory",
        "professor": "SR",
        "room": "13/IV"
      }, 
      {
        "subject": "EC-106",
        "type": "lab",
        "professorFH": "ANR,NRK",
        "roomFH": "232/VI,233/VI",
        "professorSH": "",
        "roomSH": ""
      },
      {
        "subject": "EC-106",
        "type": "lab",
        "professorSH": "",
        "roomSH": "",
        "professorFH": "ANR,NRK",
        "roomFH": "232/VI,233/VI"
      },
    {
        "subject": "EC-106",
        "type": "lab",
        "professorFH": "ANR,NRK",
        "roomFH": "232/VI,233/VI",
        "professorSH": "",
        "roomSH": ""
      }
    ],
    [
      {
        "subject": "break"
      },
      {
        "subject": "EC-102",
        "type": "theory",
        "professor": "SR",
        "room": "002/8A"
      },
      {
        "subject": "EC-101",
        "type": "theory",
        "professor": "GF",
        "room": "002/8A"
      },
      {
        "subject": "lunchbreak"
      },
      {
        "subject": "EC-101",
        "type": "theory",
        "professor": "GF",
        "room": "17/IV"
      },
      {
        "subject": "EC-104",
        "professor": "PJ",
        "type": "theory",
        "room": "17/IV"
      },
      {
        "subject": "EC-108(E1),EC-108(E2)",
        "professorFH": "AMK,YS",
        "type": "lab",
        "roomFH": "320/VI",
        "professorSH": "",
        "roomSH": ""
      },
      {
        "subject": "EC-108(E1),EC-108(E2)",
        "professorFH": "AMK,YS",
        "type": "lab",
        "roomFH": "320/VI",
        "professorSH": "",
        "roomSH": ""
      },
      {
        "subject": "EC-108(E1),EC-108(E2)",
        "professorFH": "AMK,YS",
        "type": "lab",
        "roomFH": "320/VI",
        "professorSH": "",
        "roomSH": ""
      }
    ],
    [
      {
        "subject": "break"
      },
      {
        "subject": "break"
      },
      {
        "subject": "EC-102",
        "professor": "SR",
        "room": "13/IV",
        "type": "theory"
      },
      {
        "subject": "EC-105",
        "professor": "ANR",
        "room": "13/IV",
        "type": "theory"
      },
      {
        "subject": "lunchbreak"
      },
      {
        "subject": "EC-103",
        "professor": "AnS",
        "room": "14/IV",
        "type": "theory"
      },
      {
        "subject": "EC-104",
        "professor": "PJ",
        "room": "14/IV",
        "type": "theory"
      },
      {
        "subject": "EC-103",
        "professor": "AnS",
        "room": "14/IV",
        "type": "theory"
      }
    ],
    [
      {
        "subject": "EC-105",
        "professor": "PRK",
        "room": "14/IV",
        "type": "theory"
      },
      {
        "subject": "EC-107(E1),EC-107(E2)",
        "type": "lab",
        "professorFH": "NJ",
        "roomFH": "218/VI",
        "professorSH": "DN",
        "roomSH": "219/VI"
      },
      {
        "subject": "lunchbreak"
      },
      {
        "subject": "EC-104",
        "professor": "PJ",
        "room": "13/IV",
        "type": "theory"
      },
      {
        "subject": "break"
      },
      {
        "subject": "break"
      },
      {
        "subject": "break"
      },
      {
        "subject": "break"
      }
   ],
   [
      {
        "subject": "EC-101",
        "professor": "GF",
        "room": "14/IV",
        "type": "theory"
      },
      {
        "subject": "EC-102",
        "professor": "SR",
        "room": "14/IV",
        "type": "theory"
      },
      {
        "subject": "EC-101",
        "professor": "GF",
        "room": "14/IV",
        "type": "theory"
      },
      {
        "subject": "EC-105",
        "professor": "PRK",
        "room": "13/IV",
        "type": "theory"
      },
      {
        "subject": "lunchbreak"
      },
      {
        "subject": "EC-103",
        "professor": "AnS",
        "room": "13/IV",
        "type": "theory"
      },
      {
        "subject": "EC-105",
        "professor": "ANR",
        "room": "13/IV",
        "type": "theory"
      },
      {
        "subject": "EC-103",
        "professor": "AnS",
        "room": "13/IV",
        "type": "theory"
      },
      {
        "subject": "break"
      },      
      {
        "subject": "break"
      },      
      {
        "subject": "break"
      }
    ],
    [
      {
        "subject": "break"
      },
      {
        "subject": "break"
      },
      {
        "subject": "break"
      },
      {
        "subject": "break"
      },
      {
        "subject": "break"
      },
      {
        "subject": "break"
      },
      {
        "subject": "break"
      },
      {
        "subject": "break"
      },
      {
        "subject": "break"
      },      
      {
        "subject": "break"
      },      
      {
        "subject": "break"
      },      
      {
        "subject": "break"
      }
    ],
    [
      {
        "subject": "break"
      },
      {
        "subject": "break"
      },
      {
        "subject": "break"
      },
      {
        "subject": "break"
      },
      {
        "subject": "break"
      },
      {
        "subject": "break"
      },
      {
        "subject": "break"
      },
      {
        "subject": "break"
      },
      {
        "subject": "break"
      },      
      {
        "subject": "break"
      },      
      {
        "subject": "break"
      },      
      {
        "subject": "break"
      }
    ]
  ]
}