{
  "metadata":{
    "branch" : "ECE",
    "semester" : 3,
    "section": 3,
    "last_updated" : "8-5-2015"
  },
  "subjects": [
    {
      "code": "EC-201",
      "title": "Electronics I"
    },
    {
      "code": "EC-202",
      "title": "Circuits and Systems I"
    },
    {
      "code": "EC-203",
      "title": "Electrical Machines I"
    },
    {
      "code": "EC-204",
      "title": "Electrical Measurements"
    },
    {
      "code": "EC-205",
      "title": "Mathematics III"
    },
    {
      "code": "EC-206",
      "title": "Electronics I"
    },
    {
      "code": "EC-207",
      "title": "Electrical Machines I"
    },
    {
      "code": "EC-208",
      "title": "Electrical Measurements"
    },
    {
      "code": "EC-209",
      "title": "Machine Drawing"
    },
  {
      "code": "EC-210",
      "title": "Programming I"
    }
    ],
  "professors": [
    {
      "codename": "MSD",
      "fullname": "MS Dhami"
    },
    {
      "codename": "JS",
      "fullname": "Jyotana Singh"
    },
    {
      "codename": "KS",
      "fullname": "Kumwar Singh"
    },
    {
      "codename": "JKM",
      "fullname": "JK Mishra"
    },
    {
      "codename": "DYG",
      "fullname": "Divya Gopal"
    },
    {
      "codename": "JTY",
      "fullname": "Jyoti Yadav"
    },
    {
      "codename": "JKS",
      "fullname": "JK Singh"
    },
    {
      "codename": "MM",
      "fullname": "Mamta Mishra"
    },
    {
      "codename": "RSK",
      "fullname": "RS Khanduja"
    },
    {
      "codename": "NK",
      "fullname": "Neeraj Kumar"
    },
    {
      "codename": "DVG",
      "fullname": "DV Gadre"
    },
	{
      "codename": "JSB",
      "fullname": "JS Brar"
    },
	{
      "codename": "VS",
      "fullname": "Vidya Vandana Srimali"
    },
	{
      "codename": "ANJ",
      "fullname": "AN Jha"
    },
	{
      "codename": "PRR",
      "fullname": "Prabhat Ranjan"
    },
	{
      "codename": "VYA",
      "fullname": "Vijayant Agarwal"
    },
    {
      "codename": "SMS",
      "fullname": "Smriti Srivastava"
    },
	{
      "codename": "VIJ",
      "fullname": "Vijander"
    }
  ],
  "timetable": [
    [
      {
        "subject": "break"
      },
      {
        "subject": "break"
      },
      {
        "subject": "EC-202",
        "professor": "JS",
        "type": "theory",
        "room": "24/IV"
      },
      {
        "subject": "EC-203",
        "professor": "MSD",
        "type": "theory",
        "room": "24/IV"
      },
	  {
        "subject": "EC-201",
        "professor": "KS",
        "type": "theory",
        "room": "24/IV"
      },
      {
        "subject": "lunchbreak"
      },
      {
        "subject": "EC-205",
        "professor": "JKM",
        "type": "theory",
        "room": "17/IV"
      },
      {
        "subject": "EC-203",
        "professor": "MSD",
        "type": "theory",
        "room": "17/IV"
      },
      {
        "subject": "EC-204",
        "professor": "DYG",
        "type": "theory",
        "room": "17/IV"
      }
    ],
    [
      {
        "subject": "EC-204",
        "professor": "DYG",
        "type": "theory",
        "room": "17/IV"
      },
      {
        "subject": "EC-201",
        "professor": "KS",
        "type": "theory",
        "room": "17/IV"
      },
      {
        "subject": "EC-202",
        "professor": "JS",
        "type": "theory",
        "room": "17/IV"
      },
	  {
        "subject": "EC-203",
        "professor": "MSD",
        "type": "theory",
        "room": "17/IV"
      },
	  {
        "subject": "lunchbreak"
      },
      {
        "subject": "EC-205",
        "professor": "JKM",
        "type": "theory",
        "room": "24/IV"
      },
	{
        "subject": "EC-202",
        "professor": "JS",
        "type": "theory",
        "room": "24/IV"
      },
      {
        "subject": "break"
      },
	  {
        "subject": "break"
      }
    ],
    [
      {
        "subject": "break"
      },
      {
        "subject": "break"
      },
      {
        "subject": "EC-205",
        "type": "theory",
        "professor": "JKM",
        "room": "27/IV"
      },
      {
        "subject": "EC-204",
        "type": "theory",
        "professor": "DYG",
        "room": "27/IV"
      },
      {
        "subject": "EC-202",
        "type": "theory",
        "professor": "JS",
        "room": "27/IV"
      },
      {
        "subject": "lunchbreak"
      },
      {
        "subject": "EC-201",
        "type": "theory",
        "professor": "KS",
        "room": "24/IV"
      },
      {
        "subject": "break"
      },
      {
        "subject": "break"
      }
     ],
    [
      {
        "subject": "EC-201",
        "professor": "KS",
        "room": "17/IV",
        "type": "theory"
      },
      {
        "subject": "EC-209",
        "professorFH": "RSK,JSB",
        "roomFH": "232/VI",
        "professorSH": "",
        "roomSH": "",
	     "type" : "lab"
      },
      {
        "subject": "EC-209",
        "professorFH": "RSK,JSB",
        "roomFH": "232/VI",
        "professorSH": "",
        "roomSH": "",
	     "type" : "lab"
      },
      {
        "subject": "EC-209",
        "professorFH": "RSK,JSB",
        "roomFH": "232/VI",
        "professorSH": "",
        "roomSH": "",
	     "type" : "lab"
      },
	  {
        "subject": "lunchbreak"
      },
      {
        "subject": "EC-208(E1),EC-210(E2)",
        "professorFH": "DYG",
        "roomFH": "142/VI",
        "professorSH": "JJ",
        "roomSH": "318/VI,319/VI",
	     "type" : "lab"
      },
      {
        "subject": "EC-208(E1),EC-210(E2)",
        "professorFH": "DYG",
        "roomFH": "142/VI",
        "professorSH": "JJ",
        "roomSH": "318/VI,319/VI",
	     "type" : "lab"
      },
	  {
        "subject": "EC-210(E1),EC-206(E2)",
        "professorFH": "NK",
        "roomFH": "318/VI,319/VI",
        "professorSH": "DVG",
        "roomSH": "12/IV",
	     "type" : "lab"
      },
	  {
        "subject": "EC-210(E1),EC-206(E2)",
        "professorFH": "NK",
        "roomFH": "318/VI,319/VI",
        "professorSH": "DVG",
        "roomSH": "12/IV",
	     "type" : "lab"
      }
   ],
   [
      {
        "subject": "break"
      },      
      {
        "subject": "EC-206(E1),EC-207(E2)",
        "professorFH": "JS",
        "roomFH": "12/IV",
        "professorSH": "JRPG",
        "roomSH": "08/VI",
	     "type" : "lab"
      },
      {
        "subject": "EC-206(E1),EC-207(E2)",
        "professorFH": "JS",
        "roomFH": "12/IV",
        "professorSH": "JRPG",
        "roomSH": "08/VI",
	     "type" : "lab"
      },
      {
        "subject": "EC-207(E1),EC-208(E2)",
        "professorFH": "APM",
        "roomFH": "08/VI",
        "professorSH": "JTY",
        "roomSH": "142/VI",
	     "type" : "lab"
      },
      {
        "subject": "EC-207(E1),EC-208(E2)",
        "professorFH": "APM",
        "roomFH": "08/VI",
        "professorSH": "JTY",
        "roomSH": "142/VI",
	     "type" : "lab"
      },
      {
        "subject": "lunchbreak"
      },
      {
        "subject": "EC-203",
        "professor": "MSD",
        "room": "17/IV",
        "type": "theory"
      },
      {
        "subject": "EC-204",
        "professor": "DYG",
        "room": "17/IV",
        "type": "theory"
      },
      {
        "subject": "EC-205",
        "professor": "JKM",
        "room": "17/IV",
        "type": "theory"
      }
    ],
    [
      {
        "subject": "break"
      },
      {
        "subject": "break"
      },
      {
        "subject": "break"
      },
      {
        "subject": "break"
      },
      {
        "subject": "break"
      },
      {
        "subject": "break"
      },
      {
        "subject": "break"
      },
      {
        "subject": "break"
      },
      {
        "subject": "break"
      },      
      {
        "subject": "break"
      }
    ],
    [
      {
        "subject": "break"
      },
      {
        "subject": "break"
      },
      {
        "subject": "break"
      },
      {
        "subject": "break"
      },
      {
        "subject": "break"
      },
      {
        "subject": "break"
      },
      {
        "subject": "break"
      },
      {
        "subject": "break"
      },
      {
        "subject": "break"
      },      
      {
        "subject": "break"
      }
    ]
  ]
}