{"metadata":{
    "branch" : "ECE",
    "semester" : 5,
    "section": 3,
    "last_updated" : "8-5-3015"
  },
  "subjects": [
    {
      "code": "EC-301",
      "title": "Transmission lines & wave guides"
    },
    {
      "code": "EC-302",
      "title": "Control engineering"
    },
    {
      "code": "EC-303",
      "title": "Computer systems & organisations"
    },
    {
      "code": "EC-304",
      "title": "Linear integrated circuits"
    },
    {
      "code": "EC-305",
      "title": "Ind. Org & managerial Economics"
    },
    {
      "code": "EC-306",
      "title": "Computer systems & organisations"
    },
    {
      "code": "EC-307",
      "title": "Linear integrated circuits"
    },
    {
      "code": "EC-308",
      "title": "Control engineering"
    },
    {
      "code": "EC-309",
      "title": "Programming III"
    }   
    ],
  "professors": [
    {
      "codename": "UG",
      "fullname": "Usha Gautam"
    },
    {
      "codename": "PSH",
      "fullname": "Piyush Saxena"
    },
    {
      "codename": "RS",
      "fullname": "Raj Senani"
    },
    {
      "codename": "PNK",
      "fullname": "P. Chakraborty"
    },
    {
      "codename": "NK",
      "fullname": "Neeraj Kohli"
    },
    {
      "codename": "VEN",
      "fullname": "Veenu"
    },
    {
      "codename": "TNR",
      "fullname": "TN Rawat"
    },
    {
      "codename": "ASR",
      "fullname": "Asha Rani"
    },
    {
      "codename": "SKJ",
      "fullname": "SK Jha"
    },
    {
      "codename": "VIJ",
      "fullname": "Vijander"
    },
    {
      "codename": "OPS",
      "fullname": "OP Sharma"
    },
  {
      "codename": SG",
      "fullname": "Shweta Gautam"
    },
	{
      "codename": "RJNS",
      "fullname": "Rajnish"
    },
	{
      "codename": "PR",
      "fullname": "Poonam Rani"
    }
  ],
  "timetable": [
    [
      {
        "subject": "break"
      },
      {
        "subject": "EC-305",
        "professor": "DAK",
        "type": "theory",
        "room": "27/IV"
      },
	  {
        "subject": "EC-304",
        "professor": "RS",
        "type": "theory",
        "room": "27/IV"
      },
      {
        "subject": "EC-301",
        "professor": "UG",
        "type": "theory",
        "room": "27/IV"
      },
      {
        "subject": "lunchbreak"
      },
      {
        "subject": "EC-302",
        "professor": "PSH",
        "type": "theory",
        "room": "14/IV"
      },
      {
        "subject": "EC-309(E2),EC-308(E1)",
        "professorFH": "SKJW",
        "roomFH": "112/VI",
        "professorSH": "VEN",
        "roomSH": "202/V",
	     "type" : "lab"
      },
	  {
        "subject": "EC-309(E2),EC-308(E1)",
        "professorFH": "SKJW",
        "roomFH": "112/VI",
        "professorSH": "VEN",
        "roomSH": "202/V",
	     "type" : "lab"
      }
    ],
    [
      {
        "subject": "break"
      },
      {
        "subject": "EC-304",
        "professor": "RS",
        "type": "theory",
        "room": "27/IV"
      },
      {
        "subject": "EC-301",
        "professor": "UG",
        "type": "theory",
        "room": "27/IV"
      },
	  {
        "subject": "lunchbreak"
      },
      {
        "subject": "EC-303",
        "professor": PNR",
        "type": "theory",
        "room": "27/IV"
      },
	  {
        "subject": "EC-302",
        "professor": PSH",
        "type": "theory",
        "room": "27/IV"
      },
	{
        "subject": "EC-308(E2),EC-309(E1)",
        "professorFH": "VEN",
        "roomFH": "202/V",
        "professorSH": "ASR",
        "roomSH": "112/VI",
	     "type" : "lab"
      },
      {
        "subject": "EC-308(E2),EC-309(E1)",
        "professorFH": "VEN",
        "roomFH": "202/V",
        "professorSH": "ASR",
        "roomSH": "112/VI",
	     "type" : "lab"
      }
    ],
    [
      {
        "subject": "break"
      },
      {
        "subject": "break"
      },
      {
        "subject": "break"
      },
	  {
        "subject": "break"
      },
      {
        "subject": "EC-306(E2),EC-307(E1)",
        "professorFH": "SG",
        "roomFH": "216/IV",
        "professorSH": "PNK",
        "roomSH": "112/IV",
	     "type" : "lab"
      },
      {
        "subject": "EC-306(E2),EC-307(E1)",
        "professorFH": "SG",
        "roomFH": "216/IV",
        "professorSH": "PNK",
        "roomSH": "112/IV",
	     "type" : "lab"
      },
      {
        "subject": "EC-301",
        "type": "theory",
        "professor": "UG",
        "room": "24/IV"
      },
	  {
        "subject": "EC-303",
        "type": "theory",
        "professor": "PNR",
        "room": "24/IV"
      }
     ],
    [
      {
        "subject": "EC-304",
        "type": "theory",
        "professor": "RS",
        "room": "27/IV"
      },
      {
        "subject": "EC-305",
        "type": "theory",
        "professor": "DAK",
        "room": "27/IV"
      },
      {
        "subject": "EC-306(E1),EC-307(E2)",
        "professorSH": "TKR",
        "roomSH": "216/IV",
        "professorFH": "PNK",
        "roomFH": "112/IV",
	     "type" : "lab"
      },
	  {
        "subject": "EC-306(E1),EC-307(E2)",
        "professorSH": "TKR",
        "roomSH": "216/IV",
        "professorFH": "PNK",
        "roomFH": "112/IV",
	     "type" : "lab"
      },
	  {
        "subject": "EC-303",
        "type": "theory",
        "professor": "PNR",
        "room": "27/IV"
      },
	  {
        "subject": "EC-302",
        "type": "theory",
        "professor": "PSH",
        "room": "27/IV"
      },
	  {
        "subject": "break"
      }
   ],
   [
      {
        "subject": "EC-305",
        "type": "theory",
        "professor": "DAK",
        "room": "27/IV"
      },
      {
        "subject": "EC-304",
        "type": "theory",
        "professor": "RS",
        "room": "27/IV"
      },
      {
        "subject": "EC-302",
        "type": "theory",
        "professor": "PSH",
        "room": "27/IV"
      },
      {
        "subject": "lunchbreak"
      },
      {
        "subject": "EC-305",
        "type": "theory",
        "professor": "DAK",
        "room": "27/IV"
      },
      {
        "subject": "EC-301",
        "type": "theory",
        "professor": "UG",
        "room": "27/IV"
      },
      {
        "subject": "EC-303",
        "type": "theory",
        "professor": "PNR",
        "room": "27/IV"
      },
      {
        "subject": "break"
      }
    ],
    [
      {
        "subject": "break"
      },
      {
        "subject": "break"
      },
      {
        "subject": "break"
      },
      {
        "subject": "break"
      },
      {
        "subject": "break"
      },
      {
        "subject": "break"
      },
      {
        "subject": "break"
      },
      {
        "subject": "break"
      },
      {
        "subject": "break"
      },      
      {
        "subject": "break"
      }
    ],
    [
      {
        "subject": "break"
      },
      {
        "subject": "break"
      },
      {
        "subject": "break"
      },
      {
        "subject": "break"
      },
      {
        "subject": "break"
      },
      {
        "subject": "break"
      },
      {
        "subject": "break"
      },
      {
        "subject": "break"
      },
      {
        "subject": "break"
      },      
      {
        "subject": "break"
      }
    ]
  ]}