{
  "metadata":{
    "branch" : "EC",
    "semester" : 7,
    "section": 1,
    "last_updated" : "8-1-2015"
  },
  "subjects": [
    {
      "code": "EC-401",
      "title": "Microwave Engg."
    },
    {
      "code": "EC-402",
      "title": "Digital Circuits & Systems-II"
    },
    {
      "code": "EC-403",
      "title": "Communication Systems"
    },
    {
      "code": "EC-404",
      "title": "Digital Signal and Processing-I"
    },
    {
      "code": "EC-405",
      "title": "Optical Fibers (Elective II)"
    },
    {
      "code": "EC-406",
      "title": "101/IV"
    },
    {
      "code": "EC-407",
      "title": "103/IV"
    },
    {
      "code": "EC-408",
      "title": "215/IV"
    },
     {
      "code": "EC-410",
      "title": "103/V"
    }
  ],
  "professors": [
    {
      "codename": "SM",
      "fullname": "Shailesh Mishra"
    },
    {
      "codename": "DVG",
      "fullname": "D V Gadre"
    },
    {
      "codename": "TKR",
      "fullname": "Tarun Rawat"
    },
    {
      "codename": "SPS",
      "fullname": "SP Singh"
    },
    {
      "codename": "KSS",
      "fullname": "Khushil Saini"
    },
    {
      "codename": "DU",
      "fullname":"D Upadhyay"
    },

       {
      "codename": "PR",
      "fullname": "Praveen Rahi"
    }
  ],
  "timetable": [
    [
      {
        "subject": "break"    },
{
        "subject": "EC-404",
        "professor": "TKR",
        "type": "theory",
        "room": "215/V"
      },
  {
        "subject": "EC-405",
        "professor": "SPS",
        "type": "theory",
        "room": "215/V"
      } ,   {
        "subject": "EC-404",
        "professor": "TKR",
        "type": "theory",
        "room": "215/V"
      },
{
        "subject": "EC-402",
        "professor": "DVG",
        "type": "theory",
        "room": "215/V"
      },

    {
        "subject": "break"    },
{
        "subject": "EC-403",
        "professor": "AB",
        "type": "theory",
        "room": "215/V"
      },
      {
        "subject": "EC-406 E2,EC-407 E1",
        "type": "lab",
        "professorFH": "DU",
        "roomFH": "101/IV",
        "professorSH": "PR",
        "roomSH": "103/IV"
      } ,
{
        "subject": "break"    } 
  ] , [ 
{
        "subject": "break"    } 
,

{
        "subject": "EC-402",
        "professor": "DVG",
        "type": "theory",
        "room": "215/V"
      }, {
        "subject": "EC-404",
        "professor": "TKR",
        "type": "theory",
        "room": "215/V"
      }, {
        "subject": "EC-401",
        "professor": "SM",
        "type": "theory",
        "room": "215/V"
      } , 
   {
        "subject": "break"    },   
    {
        "subject": "EC-406 E1,EC-407 E2",
        "type": "lab",
        "professorFH": "SM",
        "roomFH": "101/IV",
        "professorSH": "NG",
        "roomSH": "103/IV"
      } ,
{
        "subject": "EC-401",
        "professor": "SM",
        "type": "theory",
        "room": "215/V"
      }, {
        "subject": "EC-403",
        "professor": "AB",
        "type": "theory",
        "room": "215/V"
      },
             {
        "subject": "break"
      }
 ],
    [
      {
        "subject": "break"
      },
      {
        "subject": "PROJECT",
        "professor": "",
        "type": "lab",
        "room": ""
      } ,  
    {
        "subject": "EC-408 E2,EC-410 E1",
        "type": "lab",
        "professorFH": "SPS",
        "roomFH": "215/IV",
        "professorSH": "STJ",
        "roomSH": "103/V"
      } ,
{
        "subject": "break"
      },

  {
        "subject": "EC-405",
        "professor": "SPS",
        "type": "theory",
        "room": "215/V"
      }, {
        "subject": "EC-401",
        "professor": "SM",
        "type": "theory",
        "room": "215/V"
      } , {
        "subject": "EC-403",
        "professor": "AB",
        "type": "theory",
        "room": "215/V"
      }  ,    {
        "subject": "break"
      }
],
    [
   {
        "subject": " break"
      },
  
{
        "subject": "EC-405",
        "professor": "SPS",
        "type": "theory",
        "room": "215/V"
      } ,   
{
        "subject": "EC-404",
        "professor": "TKR",
        "type": "theory",
        "room": "215/V"
      } ,
    {
        "subject": "EC-408 E1,EC-410 E2",
        "type": "lab",
        "professorFH": "SPS",
        "roomFH": "215/IV",
        "professorSH": "KSS",
        "roomSH": "103/V"
      }   ,    

 {
        "subject": "break" } 
,  {
        "subject": "EC-402",
        "professor": "DVG",
        "type": "theory",
        "room": "215/V"
      }    
,  {
        "subject": "EC-403",
        "professor": "AB",
        "type": "theory",
        "room": "215/V"
      }  ,
    {
        "subject": "break"
      }
   ,  {
        "subject": "break"
      }
  ],
    [
      {
        "subject": "break"
      },
  {
        "subject": "EC-402",
        "professor": "DVG",
        "room": "215/V",
        "type": "theory"
      },  
       {
        "subject": "EC-401",
        "professor": "SM",
        "room": "215/V",
        "type": "theory"
      },
       {
        "subject": "EC-405",
        "professor": "SPS",
        "room": "215/V",
        "type": "theory"
      },

   {
        "subject": "PROJECT"
      }, 
   {
        "subject": "PROJECT"
      }, 
   {
        "subject": "PROJECT"
      }, 
   {
        "subject": "PROJECT"
      }, 
   {
        "subject": "PROJECT"
      }, 
   {
        "subject": "PROJECT"
      }, 

  {
        "subject": "break"
      }   ],
    [
      {
        "subject": "break"
      },
      {
        "subject": "break"
      },
      {
        "subject": "break"
      },
      {
        "subject": "break"
      },
      {
        "subject": "break"
      },
      {
        "subject": "break"
      },
      {
        "subject": "break"
      },
      {
        "subject": "break"
      },
      {
        "subject": "break"
      },      
      {
        "subject": "break"
      }
    ]
  ]
}

