{
  "metadata":{
    "branch" : "ICE",
    "semester" : 3,
    "section": 3,
    "last_updated" : "4-9-2015"
  },
  "subjects": [
    {
      "code": "IC-201",
      "title": "Electronics I"
    },
    {
      "code": "IC-202",
      "title": "Circuits And Systems"
    },
    {
      "code": "IC-203",
      "title": "Power Apparatus"
    },
    {
      "code": "IC-204",
      "title": "Electrical Measurements"
    },
    {
      "code": "IC-205",
      "title": "Mathematics III"
    },
    {
      "code": "IC-206",
      "title": "Electronics-I Lab"
    },
    {
      "code": "IC-207",
      "title": "Power Apparatus Lab"
    },
    {
      "code": "IC-208",
      "title": "Electrical Measurements Lab"
    },
    {
      "code": "IC-209",
      "title": "Machine Drawing"
    },
    {
      "code": "IC-210",
      "title": "Programming-I"
    }
  ],
  "professors": [
    {
      "codename": "PRG",
      "fullname": "Prerna Gaur"
    },
    {
      "codename": "MAS",
      "fullname": "Manisha Singh"
    },
    {
      "codename": "KG",
      "fullname": "Kumar Gautam"
    },
    {
      "codename": "LC",
      "fullname": "Lakshika"
    },
    {
      "codename": "SK",
      "fullname": "Shavnesh Kumar"
    },
   
     {
      "codename": "PSH",
      "fullname": "Piyush Saxena"
    },
   {
      "codename": "HSM",
      "fullname": "Hasmat Malik"
    },
	 {
      "codename": "JTY",
      "fullname": "Jyoti yadav"
    },
	 {
      "codename": "MSD",
      "fullname": "MS Dhami"
    }	
  ],
  "timetable": [
    [ 
      {
        "subject": "IC-205",
        "professor": "LC",
        "type": "theory",
        "room": "114/VI"
      },
      {
        "subject": "IC-203",
        "professor": "PRG",
        "type": "theory",
        "room": "114/VI"
      },
      {
        "subject": "IC-204",
        "professor": "MAS",
        "type": "theory",
        "room": "114/VI"
      },
      {
        "subject": "IC-203",
        "professor": "PRG",
        "type": "theory",
        "room": "27/V"
      },
	  {
        "subject": "lunchbreak"
      },
      
      {
        "subject": "IC-202",
        "professor": "KG",
        "type": "theory",
        "room": "114/VI"
      },
	  {
        "subject": "IC-201",
        "professor": "RJK",
        "type": "theory",
        "room": "114/VI"
      },
	 {
        "subject": "IC-207,IC-210",
        "type": "lab",
        "professorFH": "PSH",
        "roomFH": "8/VI",
        "professorSH": " ",
        "roomSH": "318/319/VI"
      },
	  {
        "subject": "IC-207,IC-210",
        "type": "lab",
        "professorFH": "PSH",
        "roomFH": "8/VI",
        "professorSH": " ",
        "roomSH": "318/319/VI"
      },
     
      {
        "subject": "break"
      }
    ],
    
    [ {
        "subject": "break"
      },
      {
        "subject": "IC-203",
        "professor": "PRG",
        "type": "theory",
        "room": "113/VI"
      },
	  {
        "subject": "IC-205",
        "professor": "LC",
        "type": "theory",
        "room": "113/VI"
      },
	  {
        "subject": "IC-201",
        "professor": "RJK",
        "type": "theory",
        "room": "113/VI"
      },
	 
      {
        "subject": "lunchbreak"
      },
	  {
        "subject": "IC-206,IC-208",
        "type": "lab",
        "professorFH": " ",
        "roomFH": " ",
        "professorSH": "JTY",
        "roomSH": "142/VI"
      },
	  {
        "subject": "IC-206,IC-208",
        "type": "lab",
        "professorFH": " ",
        "roomFH": " ",
        "professorSH": "JTY",
        "roomSH": "142/VI"
      },
      {
        "subject": "IC-204",
        "professor": "MAS",
        "type": "theory",
        "room": "114/VI"
      },
	  {
        "subject": "IC-202",
        "professor": "KG",
        "type": "theory",
        "room": "114/VI"
      },
      
      
      {
        "subject": "break"
      }
    ],
    [ {
        "subject": "break"
      },
      {
        "subject": "IC-207,IC-210",
        "type": "lab",
        "professorFH": "VK",
        "roomFH": "8/VI",
        "professorSH": " ",
        "roomSH": "318/319/VI"
      },
	  {
        "subject": "IC-207,IC-210",
        "type": "lab",
        "professorFH": "VK",
        "roomFH": "8/VI",
        "professorSH": " ",
        "roomSH": "318/319/VI"
      },
      {
        "subject": "IC-204",
        "professor": "MAS",
        "room": "113/VI",
        "type": "theory"
      },
      {
        "subject": "lunchbreak"
      },
	  {
        "subject": "IC-208,IC-206",
        "type": "lab",
        "professorFH": "HSM",
        "roomFH": "142/VI",
        "professorSH": " ",
        "roomSH": " "
      },
	   {
        "subject": "IC-208,IC-206",
        "type": "lab",
        "professorFH": "HSM",
        "roomFH": "142/VI",
        "professorSH": " ",
        "roomSH": " "
      },
      {
        "subject": "IC-205",
        "professor": "LC",
        "room": "28/V",
        "type": "theory"
      },
      
      {
        "subject": "break"
      },
	  
      {
        "subject": "break"
      }
    ],
    [
      {
        "subject": " break"
      },
	  {
        "subject": " break"
      },
	  {
        "subject": " break"
      },
     
      {
        "subject": "IC-205",
        "professor": "LC",
        "room": "114/VI",
        "type": "theory"
      },
      {
        "subject": "IC-204",
        "professor": "MAS",
        "room": "114/VI",
        "type": "theory"
      },
	   
	 
      {
        "subject": "lunchbreak"
      },
      {
        "subject": "IC-201",
        "professor": "RJK",
        "room": "113/VI",
        "type": "theory"
      },
      {
        "subject": "IC-203",
        "professor": "PRG",
        "room": "113/VI",
        "type": "theory"
      },
      {
        "subject": "IC-202",
        "professor": "KG",
        "room": "113/VI",
        "type": "theory"
      },
	  
      {
        "subject": "break"
      }
    ],
    [ {
        "subject": "break"
      },
	  {
        "subject": "break"
      },
	   {
        "subject": "IC-202",
        "professor": "KG",
        "room": "113/VI",
        "type": "theory"
      },
      {
        "subject": "IC-201",
        "professor": "RJK",
        "room": "113/VI",
        "type": "theory"
      },
	  
      {
        "subject": "lunchbreak"
      },
	  {
        "subject": "lunchbreak"
      },
      
      {
        "subject": "IC-209",
        "type": "lab",
        "professorFH": " ",
        "roomFH": "232/VI",
        "professorSH": " ",
        "roomSH": "232/VI"
      },
	  {
        "subject": "IC-209",
        "type": "lab",
        "professorFH": " ",
        "roomFH": "232/VI",
        "professorSH": " ",
        "roomSH": "232/VI"
      },
	  {
        "subject": "IC-209",
        "type": "lab",
        "professorFH": " ",
        "roomFH": "232/VI",
        "professorSH": " ",
        "roomSH": "232/VI"
      },
	 
      {
        "subject": "break"
      }
    ],
    [
      {
        "subject": "break"
      },
      {
        "subject": "break"
      },
      {
        "subject": "break"
      },
      {
        "subject": "break"
      },
      {
        "subject": "break"
      },
      {
        "subject": "break"
      },
      {
        "subject": "break"
      },
      {
        "subject": "break"
      },
      {
        "subject": "break"
      },      
      {
        "subject": "break"
      }
    ],
    [
      {
        "subject": "break"
      },
      {
        "subject": "break"
      },
      {
        "subject": "break"
      },
      {
        "subject": "break"
      },
      {
        "subject": "break"
      },
      {
        "subject": "break"
      },
      {
        "subject": "break"
      },
      {
        "subject": "break"
      },
      {
        "subject": "break"
      },      
      {
        "subject": "break"
      }
    ]
  ]
}