{
  "metadata":{
    "branch" : "ICE",
    "semester" : 3,
    "section": 2,
    "last_updated" : "4-8-2015"
  },
  "subjects": [
    {
      "code": "IC-201",
      "title": "Electronics I"
    },
    {
      "code": "IC-202",
      "title": "Circuits And Systems"
    },
    {
      "code": "IC-203",
      "title": "Power Apparatus"
    },
    {
      "code": "IC-204",
      "title": "Electrical Measurements"
    },
    {
      "code": "IC-205",
      "title": "Mathematics III"
    },
    {
      "code": "IC-206",
      "title": "Electronics-I Lab"
    },
    {
      "code": "IC-207",
      "title": "Power Apparatus Lab"
    },
    {
      "code": "IC-208",
      "title": "Electrical Measurements Lab"
    },
    {
      "code": "IC-209",
      "title": "Machine Drawing"
    },
    {
      "code": "IC-210",
      "title": "Programming-I"
    }
  ],
  "professors": [
    {
      "codename": "MAS",
      "fullname": "Manisha"
    },
    {
      "codename": "MM",
      "fullname": "Mamta Mishra"
    },
    {
      "codename": "BK",
      "fullname": "Bhavnesh Kumar"
    },
    {
      "codename": "HMC",
      "fullname": "Himanshu Chabra"
    },
    {
      "codename": "MK",
      "fullname": "Manjeet Kumar"
    },
   
    {
      "codename": "DKS+VYA",
      "fullname": "DK Singh+Vijyant Aggarwal"
    }
  
   
  ],
  "timetable": [
    [ {
        "subject": "break"
      },
	  {
        "subject": "IC-210",
        "type": "lab",
        "professorFH": " ",
        "roomFH": " ",
        "professorSH": " ",
        "roomSH": " "
      },
	  {
        "subject": "IC-210",
        "type": "lab",
        "professorFH": " ",
        "roomFH": " ",
        "professorSH": " ",
        "roomSH": " "
      },
      {
        "subject": "IC-202",
        "professor": "MK",
        "type": "theory",
        "room": "114/VI"
      },
      {
        "subject": "IC-203",
        "professor": "BK",
        "type": "theory",
        "room": "114/VI"
      },
      
	  {
        "subject": "lunchbreak"
      },
      {
        "subject": "break"
      },
      
      {
        "subject": "IC-204",
        "professor": "MAS",
        "type": "theory",
        "room": "114/VI"
      },
	  {
        "subject": "IC-201",
        "professor": "HMC",
        "type": "theory",
        "room": "114/VI"
      },
	 
      
      {
        "subject": "break"
      }
    ],
    [
      {
        "subject": "IC-205",
        "professor": "MM",
        "type": "theory",
        "room": "114/VI"
      },
	  {
        "subject": "IC-203",
        "professor": "BK",
        "type": "theory",
        "room": "114/VI"
      },
	  {
        "subject": "IC-204",
        "professor": "MAS",
        "type": "theory",
        "room": "114/VI"
      },
	  {
        "subject": "IC-202",
        "professor": "MK",
        "type": "theory",
        "room": "114/VI"
      },
      
      {
        "subject": "lunchbreak"
      },
      {
        "subject": "IC-201",
        "professor": "HMC",
        "type": "theory",
        "room": "114/VI"
      },
	  {
        "subject": "IC-209",
        "type": "lab",
        "professorFH": "DKS+VYA",
        "roomFH": "232/VI",
        "professorSH": "DKS+VYA",
        "roomSH": " 232/VI"
      },
	  {
        "subject": "IC-209",
        "type": "lab",
        "professorFH": "DKS+VYA",
        "roomFH": "232/VI",
        "professorSH": "DKS+VYA",
        "roomSH": " 232/VI"
      },
	  {
        "subject": "IC-209",
        "type": "lab",
        "professorFH": "DKS+VYA",
        "roomFH": "232/VI",
        "professorSH": "DKS+VYA",
        "roomSH": " 232/VI"
      },
      
      {
        "subject": "break"
      }
    ],
    [
      
      {
        "subject": "IC-202",
        "professor": "MK",
        "room": "114/VI",
        "type": "theory"
      },
	  {
        "subject": "IC-208,IC-206",
        "type": "lab",
        "professorFH": "VKS",
        "roomFH": "142/VI",
        "professorSH": " ",
        "roomSH": " "
      },
	  {
        "subject": "IC-208,IC-206",
        "type": "lab",
        "professorFH": "VKS",
        "roomFH": "142/VI",
        "professorSH": " ",
        "roomSH": " "
      },
	  {
        "subject": "IC-201",
        "professor": "HMC",
        "room": "114/VI",
        "type": "theory"
      },
	  
      {
        "subject": "lunchbreak"
      },
	  {
        "subject": "break"
      },
      {
        "subject": "IC-203",
        "professor": "BK",
        "room": "114/VI",
        "type": "theory"
      },
      {
        "subject": "IC-205",
        "professor": "MM",
        "room": "114/VI",
        "type": "theory"
      },
      {
        "subject": "break"
      },
      {
        "subject": "break"
      }
    ],
    [
      {
        "subject": " break"
      },
     
      {
        "subject": "IC-201",
        "professor": "HMC",
        "room": "114/VI",
        "type": "theory"
      },
      {
        "subject": "IC-202",
        "professor": "MK",
        "room": "114/VI",
        "type": "theory"
      },
	   {
        "subject": "IC-207,IC-208",
        "type": "lab",
        "professorFH": "SMS",
        "roomFH": "8/VI",
        "professorSH": "BK",
        "roomSH": "142/VI"
      },
	  {
        "subject": "IC-207,IC-208",
        "type": "lab",
        "professorFH": "SMS",
        "roomFH": "8/VI",
        "professorSH": "BK",
        "roomSH": "142/VI"
      },
	 
      {
        "subject": "lunchbreak"
      },
      {
        "subject": "IC-203",
        "professor": "BK",
        "room": "114/VI",
        "type": "theory"
      },
      {
        "subject": "IC-205",
        "professor": "MM",
        "room": "114/VI",
        "type": "theory"
      },
      
	  {
        "subject": "break"
      },
      {
        "subject": "break"
      }
    ],
    [ {
        "subject": "break"
      },
      {
        "subject": "IC-204",
        "professor": "MAS",
        "room": "114/VI",
        "type": "theory"
      },
	  {
        "subject": "IC-205",
        "professor": "MM",
        "room": "114/VI",
        "type": "theory"
      },
	  {
        "subject": "IC-204",
        "professor": "MAS",
        "room": "114/VI",
        "type": "theory"
      },
	  
      {
        "subject": "lunchbreak"
      },
      
      {
        "subject": "IC-210",
        "type": "lab",
        "professorFH": " ",
        "roomFH": " ",
        "professorSH": " ",
        "roomSH": " "
      },
	  {
        "subject": "IC-210",
        "type": "lab",
        "professorFH": " ",
        "roomFH": " ",
        "professorSH": " ",
        "roomSH": " "
      },
	  {
        "subject": "IC-206,IC-207",
        "type": "lab",
        "professorFH": " ",
        "roomFH": " ",
        "professorSH": "SMS",
        "roomSH": "8/VI"
      },
	  {
        "subject": "IC-206,IC-207",
        "type": "lab",
        "professorFH": " ",
        "roomFH": " ",
        "professorSH": "SMS",
        "roomSH": "8/VI"
      },
      
      {
        "subject": "break"
      }
    ],
    [
      {
        "subject": "break"
      },
      {
        "subject": "break"
      },
      {
        "subject": "break"
      },
      {
        "subject": "break"
      },
      {
        "subject": "break"
      },
      {
        "subject": "break"
      },
      {
        "subject": "break"
      },
      {
        "subject": "break"
      },
      {
        "subject": "break"
      },      
      {
        "subject": "break"
      }
    ],
    [
      {
        "subject": "break"
      },
      {
        "subject": "break"
      },
      {
        "subject": "break"
      },
      {
        "subject": "break"
      },
      {
        "subject": "break"
      },
      {
        "subject": "break"
      },
      {
        "subject": "break"
      },
      {
        "subject": "break"
      },
      {
        "subject": "break"
      },      
      {
        "subject": "break"
      }
    ]
  ]
}