{
  "metadata":{
    "branch" : "ICE",
    "semester" : 5,
    "section": 2,
    "last_updated" : "4-8-2015"
  },
  "subjects": [
    {
      "code": "IC-301",
      "title": "Analog Digital Comm."
    },
    {
      "code": "IC-302",
      "title": "Analytical Instt."
    },
    {
      "code": "IC-303",
      "title": "DIC-1"
    },
    {
      "code": "IC-304",
      "title": "LIC"
    },
    {
      "code": "IC-305",
      "title": "IOME"
    },
    {
      "code": "IC-306",
      "title": "ADC Lab"
    },
    {
      "code": "IC-307",
      "title": "DIC Lab"
    },
    {
      "code": "IC-308",
      "title": "LIC Lab"
    },
    {
      "code": "IC-309",
      "title": "Programming LAB"
    }
    
  ],
  "professors": [
    {
      "codename": "RCT",
      "fullname": "RC Thakur"
    },
    {
      "codename": "KPSR",
      "fullname": "KPS Rana"
    },
    {
      "codename": "PRA",
      "fullname": "Parul Arora"
    },
    {
      "codename": "SKR",
      "fullname": "Sirish Kumar Rai"
    },
  {
      "codename": "PNC",
      "fullname": "Pinaki Chakraborty"
    },
    {
      "codename": "SKS",
      "fullname": "SK Singh"
    }
   
     
	
   
  ],
  "timetable": [
    [ 
	   {
        "subject": "break"
      },
	  {
        "subject": "break"
      },
      {
        "subject": "IC-301",
        "professor": "RCT",
        "type": "theory",
        "room": "118/VI"
      },
      {
        "subject": "IC-304",
        "professor": "SKR",
        "type": "theory",
        "room": "118/VI"
      },
	  {
        "subject": "lunchbreak"
      },
      {
        "subject": "IC-302",
        "professor": "KPSR",
        "type": "theory",
        "room": "118/VI"
      },
	  {
        "subject": "IC-305",
        "professor": " ",
        "type": "theory",
        "room": "118/VI"
      },
	  
      
     
	  
	 {
        "subject": "IC-308,IC-309",
        "type": "lab",
        "professorFH": " ",
        "roomFH": " ",
        "professorSH": "PNC",
        "roomSH": " "
      },
	   {
        "subject": "IC-308,IC-309",
        "type": "lab",
        "professorFH": " ",
        "roomFH": " ",
        "professorSH": "PNC",
        "roomSH": " "
      },
	  
	  
      {
        "subject": "break"
      }
    ],
    [ {
        "subject": "break"
      },
	  {
        "subject": "break"
      },
	  {
        "subject": "break"
      },
     
	  {
        "subject": "IC-307,IC-306",
        "type": "lab",
        "professorFH": " ",
        "roomFH": " ",
        "professorSH": " ",
        "roomSH": " "
      },
	  {
        "subject": "IC-307,IC-306",
        "type": "lab",
        "professorFH": " ",
        "roomFH": " ",
        "professorSH": " ",
        "roomSH": " "
      },
	
	  {
        "subject": "lunchbreak"
      },
	 
      {
        "subject": "IC-301",
        "professor": "RCT",
        "type": "theory",
        "room": "118/VI"
      },
	  {
        "subject": "IC-304",
        "professor": "SKR",
        "type": "theory",
        "room": "118/VI"
      },
      
      {
        "subject": "IC-305",
        "professor": " ",
        "type": "theory",
        "room": "118/VI"
      },
      {
        "subject": "break"
      }
    ],
    [ {
        "subject": "break"
      },
      
      {
        "subject": "IC-301",
        "professor": "RCT",
        "room": "118/VI",
        "type": "theory"
      },
	  {
        "subject": "IC-302",
        "professor": "KPSR",
        "room": "118/VI",
        "type": "theory"
      },
	  {
        "subject": "IC-305",
        "professor": " ",
        "type": "theory",
        "room": "118/VI"
      },
	  {
        "subject": "IC-303",
        "professor": "PRA",
        "type": "theory",
        "room": "118/VI"
      },
      {
        "subject": "lunchbreak"
      },
	  {
        "subject": "lunchbreak"
      },
	  
      {
        "subject": "IC-304",
        "professor": "SKR",
        "room": "118/VI",
        "type": "theory"
      },
      
      
	   {
        "subject": "break"
      },
      {
        "subject": "break"
      }
    ],
    [
      {
        "subject": " break"
      },
	  {
        "subject": " break"
      },
	  
      {
        "subject": "IC-303",
        "professor": "PRA",
        "room": "118/VI",
        "type": "theory"
      },
      {
        "subject": "IC-301",
        "professor": "RCT",
        "room": "118/VI",
        "type": "theory"
      },
	   
    
	  {
        "subject": "lunchbreak"
      },
     
      {
        "subject": "IC-309,IC-308",
        "type": "lab",
        "professorFH": "BKS",
        "roomFH": "12/V",
        "professorSH": " ",
        "roomSH": " "
      },
	  {
        "subject": "IC-309,IC-308",
        "type": "lab",
        "professorFH": "BKS",
        "roomFH": "12/V",
        "professorSH": " ",
        "roomSH": " "
      },
	   {
        "subject": "IC-303",
        "professor": "PRA",
        "room": "118/VI",
        "type": "theory"
      },
	   {
        "subject": "IC-302",
        "professor": "KPSR",
        "room": "118/VI",
        "type": "theory"
      },
      {
        "subject": "break"
      }
    ],
    [ 
	  {
        "subject": "break"
      },
	  
	   {
        "subject": "IC-304",
        "professor": "SKR",
        "room": "118/VI",
        "type": "theory"
      },
      {
        "subject": "IC-302",
        "professor": "KPSR",
        "room": "118/VI",
        "type": "theory"
      },
	  
      {
        "subject": "lunchbreak"
      },
	  {
        "subject": "lunchbreak"
      },
	   {
        "subject": "IC-306,IC-307",
        "type": "lab",
        "professorFH": " ",
        "roomFH": " ",
        "professorSH": " ",
        "roomSH": " "
      },
	   {
        "subject": "IC-306,IC-307",
        "type": "lab",
        "professorFH": " ",
        "roomFH": " ",
        "professorSH": " ",
        "roomSH": " "
      },
	 {
        "subject": "IC-305",
        "professor": " ",
        "room": "118/VI",
        "type": "theory"
      },
	  {
        "subject": "IC-303",
        "professor": "PRA",
        "room": "118/VI",
        "type": "theory"
      },
     
	 
      {
        "subject": "break"
      }
    ],
    [
      {
        "subject": "break"
      },
      {
        "subject": "break"
      },
      {
        "subject": "break"
      },
      {
        "subject": "break"
      },
      {
        "subject": "break"
      },
      {
        "subject": "break"
      },
      {
        "subject": "break"
      },
      {
        "subject": "break"
      },
      {
        "subject": "break"
      },      
      {
        "subject": "break"
      }
    ],
    [
      {
        "subject": "break"
      },
      {
        "subject": "break"
      },
      {
        "subject": "break"
      },
      {
        "subject": "break"
      },
      {
        "subject": "break"
      },
      {
        "subject": "break"
      },
      {
        "subject": "break"
      },
      {
        "subject": "break"
      },
      {
        "subject": "break"
      },      
      {
        "subject": "break"
      }
    ]
  ]
}