{
  "metadata":{
    "branch" : "ICE",
    "semester" : 1,
    "section": 1,
    "last_updated" : "4-8-2015"
  },
  "subjects": [
    {
      "code": "IC-101",
      "title": "English"
    },
    {
      "code": "IC-102",
      "title": "Maths"
    },
    {
      "code": "IC-103",
      "title": "Physics"
    },
    {
      "code": "IC-104",
      "title": "Chemistry"
    },
    {
      "code": "IC-105",
      "title": "Manufacturing Processes"
    },
    {
      "code": "IC-106",
      "title": "Engineering Drawing"
    },
    {
      "code": "IC-107",
      "title": "Physics Lab"
    },
    {
      "code": "IC-108",
      "title": "Chemistry Lab"
    },
    {
      "code": "IC-109",
      "title": "Workshop"
    }
    
  ],
  "professors": [
    {
      "codename": "VG",
      "fullname": "Vijay Gupta"
    },
    {
      "codename": "AK",
      "fullname": "Anil Kumar"
    },
    {
      "codename": "PJ",
      "fullname": "Purnima Jain"
    },
    {
      "codename": "SHS",
      "fullname": "Shantanu Sood"
    },
    {
      "codename": "SC+MT",
      "fullname": "Sulekha Chandra+Monika Tyagi"
    },
   
  {
      "codename": "RTS",
      "fullname": " "
    },
    {
      "codename": "GF",
      "fullname": "Guest Faculty"
    }
  ],
  "timetable": [
    [
      {
        "subject": "IC-103",
        "professor": "AK",
        "type": "theory",
        "room": "27/V"
      },
      {
        "subject": "IC-102",
        "professor": "VG",
        "type": "theory",
        "room": "27/V"
      },
      {
        "subject": "IC-103",
        "professor": "AK",
        "type": "theory",
        "room": "27/V"
      },
      {
        "subject": "IC-107,IC-107",
        "type": "lab",
        "professorFH": " ",
        "roomFH": "218/VI",
        "professorSH": " ",
        "roomSH": "219/VI"
      },  
      {
        "subject": "IC-107,IC-107",
        "type": "lab",
        "professorFH": " ",
        "roomFH": "218/VI",
        "professorSH": " ",
        "roomSH": "219/VI"
      },
      {
        "subject": "lunchbreak"
      },
      {
        "subject": "IC-104",
        "professor": "PJ",
        "type": "theory",
        "room": "27/V"
      },
	  {
        "subject": "break"
      },
      {
        "subject": "break"
      },
      {
        "subject": "break"
      }
    ],
    [
      {
        "subject": "IC-102",
        "professor": "VG",
        "type": "theory",
        "room": "27/V"
      },
	  {
        "subject": "IC-105",
        "professor": "RTS",
        "type": "theory",
        "room": "27/V"
      },
      {
        "subject": "IC-108",
        "type": "lab",
        "professorFH": "SC+MT",
        "roomFH": "320/VI",
        "professorSH": "SC+MT",
        "roomSH": "320/VI"
      },
	  {
        "subject": "IC-108",
        "type": "lab",
        "professorFH": "SC+MT",
        "roomFH": "320/VI",
        "professorSH": "SC+MT",
        "roomSH": "320/VI"
      },
	  {
        "subject": "IC-108",
        "type": "lab",
        "professorFH": "SC+MT",
        "roomFH": "320/VI",
        "professorSH": "SC+MT",
        "roomSH": "320/VI"
      },
      {
        "subject": "lunchbreak"
      },
      {
        "subject": "IC-104",
        "professor": "PJ",
        "type": "theory",
        "room": "27/V"
      },
      {
        "subject": "break"
      },
      {
        "subject": "break"
      },
      {
        "subject": "break"
      }
    ],
    [
      {
        "subject": "IC-103",
        "professor": "AK",
        "type": "theory",
        "room": "27/V"
      },
      {
        "subject": "IC-102",
        "professor": "VG",
        "type": "theory",
        "room": "27/V"
      },
      {
        "subject": "IC-103",
        "professor": "AK",
        "type": "theory",
        "room": "27/V"
      },
      {
        "subject": "IC-105",
        "professor": "RTS",
        "type": "theory",
        "room": "27/V"
      },
      {
        "subject": "lunchbreak"
      },
      {
        "subject": "IC-105",
        "professor": "RTS",
        "type": "theory",
        "room": "27/V"
      },
      {
        "subject": "break"
      },
	  {
        "subject": "break"
      },
	  {
        "subject": "break"
      },
      {
        "subject": "break"
      }
    ],
    [
      {
        "subject": "IC-109",
        "type": "lab",
        "professorFH": "",
        "roomFH": "Workshop",
        "professorSH": " ",
        "roomSH": " "
      },
	  {
        "subject": "IC-109",
        "type": "lab",
        "professorFH": "",
        "roomFH": "Workshop",
        "professorSH": " ",
        "roomSH": " "
      },
	  {
        "subject": "IC-109",
        "type": "lab",
        "professorFH": " ",
        "roomFH": "Workshop",
        "professorSH": " ",
        "roomSH": " "
      },
      {
        "subject": "IC-102",
        "professor": "VG",
        "type": "theory",
        "room": "27/V"
      },
      {
        "subject": "lunchbreak"
      },
      {
        "subject": "IC-101",
        "professor": "GF",
        "room": "27/V",
        "type": "theory"
      },
      {
        "subject": "IC-105",
        "professor": "RTS",
        "type": "theory",
        "room": "27/V"
      },
      {
        "subject": "IC-101",
        "professor": "GF",
        "room": "27/V",
        "type": "theory"
      },
      {
        "subject": "break"
      }
    ],
    [
      {
        "subject": "IC-104",
        "professor": "PJ",
        "type": "theory",
        "room": "27/V"
      },
      {
        "subject": "IC-106",
        "type": "lab",
        "professorFH": " ",
        "roomFH": "Hall 3 ",
        "professorSH": " ",
        "roomSH": "Hall 3 "
      },
	  {
        "subject": "IC-106",
        "type": "lab",
        "professorFH": " ",
        "roomFH": "Hall 3 ",
        "professorSH": " ",
        "roomSH": "Hall 3 "
      },
	  {
        "subject": "IC-106",
        "type": "lab",
        "professorFH": " ",
        "roomFH": "Hall 3 ",
        "professorSH": " ",
        "roomSH": "Hall 3 "
      },
      {
        "subject": "IC-104",
        "professor": "PJ",
        "type": "theory",
        "room": "27/V"
      },
      
      {
        "subject": "lunchbreak"
      },
      {
        "subject": "IC-101",
        "professor": "GF",
        "room": "27/V",
        "type": "theory"
      },
      {
        "subject": "break"
      },
      {
        "subject": "IC-101",
        "professor": "GF",
        "room": "27/V",
        "type": "theory"
      },
      {
        "subject": "break"
      }
    ],
    [
      {
        "subject": "break"
      },
      {
        "subject": "break"
      },
      {
        "subject": "break"
      },
      {
        "subject": "break"
      },
      {
        "subject": "break"
      },
      {
        "subject": "break"
      },
      {
        "subject": "break"
      },
      {
        "subject": "break"
      },
      {
        "subject": "break"
      },      
      {
        "subject": "break"
      }
    ],
    [
      {
        "subject": "break"
      },
      {
        "subject": "break"
      },
      {
        "subject": "break"
      },
      {
        "subject": "break"
      },
      {
        "subject": "break"
      },
      {
        "subject": "break"
      },
      {
        "subject": "break"
      },
      {
        "subject": "break"
      },
      {
        "subject": "break"
      },      
      {
        "subject": "break"
      }
    ]
  ]
}