{
  "metadata":{
    "branch" : "ICE",
    "semester" : 5,
    "section": 1,
    "last_updated" : "4-8-2015"
  },
  "subjects": [
    {
      "code": "IC-301",
      "title": "Analog Digital Comm."
    },
    {
      "code": "IC-302",
      "title": "Analytical Instt."
    },
    {
      "code": "IC-303",
      "title": "DIC-1"
    },
    {
      "code": "IC-304",
      "title": "LIC"
    },
    {
      "code": "IC-305",
      "title": "IOME"
    },
    {
      "code": "IC-306",
      "title": "ADC Lab"
    },
    {
      "code": "IC-307",
      "title": "DIC Lab"
    },
    {
      "code": "IC-308",
      "title": "LIC Lab"
    },
    {
      "code": "IC-309",
      "title": "Programming LAB"
    }
    
  ],
  "professors": [
    {
      "codename": "RCT",
      "fullname": "RC Thakur"
    },
    {
      "codename": "JRPG",
      "fullname": "JRP Gupta"
    },
    {
      "codename": "GCH",
      "fullname": "Gopal Chaudhary"
    },
    {
      "codename": "BA",
      "fullname": "Bhavna Aggrawal"
    },
    {
      "codename": "RUS",
      "fullname": "Ritu Sibbal"
    }
   
     
  
   
  ],
  "timetable": [
    [ 
	 
      {
        "subject": "IC-305",
        "professor": " ",
        "type": "theory",
        "room": "117/VI"
      },
      {
        "subject": "IC-303",
        "professor": "GCH",
        "type": "theory",
        "room": "117/VI"
      },
	  {
        "subject": "break"
      },
      {
        "subject": "IC-302",
        "professor": "JRPG",
        "type": "theory",
        "room": "117/VI"
      },
	  {
        "subject": "IC-301",
        "professor": "RCT",
        "type": "theory",
        "room": "117/VI"
      },
	  {
        "subject": "lunchbreak"
      },
      
      
      {
        "subject": "IC-304",
        "professor": "BA",
        "type": "theory",
        "room": "117/VI"
      },
	  
	 {
        "subject": "IC-306,IC-307",
        "type": "lab",
        "professorFH": " ",
        "roomFH": " ",
        "professorSH": " ",
        "roomSH": " "
      },
	  {
        "subject": "IC-306,IC-307",
        "type": "lab",
        "professorFH": " ",
        "roomFH": " ",
        "professorSH": " ",
        "roomSH": " "
      },
	  
      {
        "subject": "break"
      }
    ],
    [ {
        "subject": "break"
      },
      {
        "subject": "IC-301",
        "professor": "RCT",
        "type": "theory",
        "room": "117/VI"
      },
	  {
        "subject": "IC-305",
        "professor": " ",
        "type": "theory",
        "room": "117/VI"
      },
	  {
        "subject": "IC-308,IC-309",
        "type": "lab",
        "professorFH": " ",
        "roomFH": " ",
        "professorSH": "RUS",
        "roomSH": " "
      },
	  {
        "subject": "IC-308,IC-309",
        "type": "lab",
        "professorFH": " ",
        "roomFH": " ",
        "professorSH": "RUS",
        "roomSH": " "
      },
	 
	 
      {
        "subject": "lunchbreak"
      },
	  {
        "subject": "lunchbreak"
      },
	 
      {
        "subject": "IC-304",
        "professor": "BA",
        "type": "theory",
        "room": "117/VI"
      },
	  {
        "subject": "IC-303",
        "professor": "GCH",
        "type": "theory",
        "room": "117/VI"
      },
      
      
      {
        "subject": "break"
      }
    ],
    [ {
        "subject": "break"
      },
      
      {
        "subject": "IC-304",
        "professor": "BA",
        "room": "117/VI",
        "type": "theory"
      },
	  {
        "subject": "IC-302",
        "professor": "JRPG",
        "room": "117/VI",
        "type": "theory"
      },
      {
        "subject": "lunchbreak"
      },
	  {
        "subject": "lunchbreak"
      },
	  
      {
        "subject": "IC-305",
        "professor": " ",
        "room": "117/VI",
        "type": "theory"
      },
      {
        "subject": "IC-303",
        "professor": "GCH",
        "room": "117/VI",
        "type": "theory"
      },
      {
        "subject": "break"
      },
	   {
        "subject": "break"
      },
      {
        "subject": "break"
      }
    ],
    [
      {
        "subject": " break"
      },
	  
      {
        "subject": "IC-301",
        "professor": "RCT",
        "room": "117/VI",
        "type": "theory"
      },
      {
        "subject": "IC-302",
        "professor": "JRPG",
        "room": "117/VI",
        "type": "theory"
      },
	    {
        "subject": "IC-305",
        "professor": " ",
        "room": "117/VI",
        "type": "theory"
      },
	 
      {
        "subject": "lunchbreak"
      },
	  {
        "subject": "lunchbreak"
      },
      {
        "subject": "IC-303",
        "professor": "GCH",
        "room": "117/VI",
        "type": "theory"
      },
      {
        "subject": "IC-309,IC-306",
        "type": "lab",
        "professorFH": " ",
        "roomFH": " ",
        "professorSH": " ",
        "roomSH": " "
      },
	  {
        "subject": "IC-309,IC-306",
        "type": "lab",
        "professorFH": " ",
        "roomFH": " ",
        "professorSH": " ",
        "roomSH": " "
      },
	  
      {
        "subject": "break"
      }
    ],
    [ 
	  {
        "subject": "break"
      },
	  {
        "subject": "IC-307,IC-308",
        "type": "lab",
        "professorFH": " ",
        "roomFH": " ",
        "professorSH": " ",
        "roomSH": " "
      },
	  {
        "subject": "IC-307,IC-308",
        "type": "lab",
        "professorFH": " ",
        "roomFH": " ",
        "professorSH": " ",
        "roomSH": " "
      },
	   {
        "subject": "IC-303",
        "professor": "GCH",
        "room": "117/VI",
        "type": "theory"
      },
      {
        "subject": "IC-302",
        "professor": "JRPG",
        "room": "117/VI",
        "type": "theory"
      },
	  
      {
        "subject": "lunchbreak"
      },
	 {
        "subject": "IC-304",
        "professor": "BA",
        "room": "117/VI",
        "type": "theory"
      },
	  {
        "subject": "IC-301",
        "professor": "RCT",
        "room": "117/VI",
        "type": "theory"
      },
     
	 {
        "subject": "break"
      },
      {
        "subject": "break"
      }
    ],
    [
      {
        "subject": "break"
      },
      {
        "subject": "break"
      },
      {
        "subject": "break"
      },
      {
        "subject": "break"
      },
      {
        "subject": "break"
      },
      {
        "subject": "break"
      },
      {
        "subject": "break"
      },
      {
        "subject": "break"
      },
      {
        "subject": "break"
      },      
      {
        "subject": "break"
      }
    ],
    [
      {
        "subject": "break"
      },
      {
        "subject": "break"
      },
      {
        "subject": "break"
      },
      {
        "subject": "break"
      },
      {
        "subject": "break"
      },
      {
        "subject": "break"
      },
      {
        "subject": "break"
      },
      {
        "subject": "break"
      },
      {
        "subject": "break"
      },      
      {
        "subject": "break"
      }
    ]
  ]
}