{
  "metadata":{
    "branch" : "IT",
    "semester" : 5,
    "section": 2,
    "last_updated" : "5-8-2015"
  },
  "subjects": [
    {
      "code": "IT-301",
      "title": "Design and Analysis of Algorithms"
    },
    {
      "code": "IT-302",
      "title": "Object Oriented Technology"
    },
    {
      "code": "IT-303",
      "title": "Microprocessor and Applications"
    },
    {
      "code": "IT-304",
      "title": "ROBMS"
    },
    {
      "code": "IT-305",
      "title": "Computer Networks"
    },
    {
      "code": "IT-306",
      "title": "Microprocessors Lab"
    },
    {
      "code": "IT-307",
      "title": "ROBMS Lab"
    },
    {
      "code": "IT-308",
      "title": "Networking Lab"
    },
    {
      "code": "IT-309",
      "title": "Technical and Business Communication Lab"
    }
  ],
  "professors": [
    {
      "codename": "AMM",
      "fullname": "Amarjeet Malhotra"
    },
    {
      "codename": "ANB",
      "fullname": "Ankita Bansal"
    },
    {
      "codename": "DPS",
      "fullname": "Deepak Kumar Sharma"
    },
    {
      "codename": "DPK",
      "fullname": "Deepika Kukreja"
    },
    {
      "codename": "JYT",
      "fullname": "Jyoti"
    },
    {
      "codename": "STS",
      "fullname": "Satish Singh"
    },
    {
      "codename": "ROG",
      "fullname": "Rolly Gupta"
    },
    {
      "codename": "TS",
      "fullname": "Tanu Shree"
    }
  ],
  "timetable": [
    [
      {
        "subject" : "break"
      },
      {
        "subject": "IT-306,IT-307",
        "type": "lab",
        "professorFH": "STS",
        "roomFH": "112/IV",
        "professorSH": "ROG",
        "roomSH": "201/V"
      },
      {
        "subject": "IT-306,IT-307",
        "type": "lab",
        "professorFH": "STS",
        "roomFH": "112/IV",
        "professorSH": "ROG",
        "roomSH": "201/V"
      },
      {
        "subject": "IT-302",
        "professor": "ANB",
        "type": "theory",
        "room": "24/V"
      },
      {
        "subject": "IT-303",
        "professor": "DPK",
        "type": "theory",
        "room": "24/V"
      },
      
      {
        "subject":"lunch break"
      },
      {
        "subject": "IT-305",
        "professor": "STS",
        "type": "theory",
        "room": "24/V"
      },
      {
        "subject": "IT-301",
        "professor": "AMM",
        "type": "theory",
        "room": "24/V"
      },
      {
        "subject": "IT-304",
        "professor": "DPS",
        "type": "theory",
        "room": "24/V"
      },
      {
        "subject": "break"
      }
    ],
    [
      {
        "subject" : "break"
      },
      {
        "subject": "IT-303",
        "professor": "DPK",
        "room": "LB-5",
        "type": "theory"
      },
      {
        "subject": "IT-304",
        "professor": "DPS",
        "room": "LB-5",
        "type": "theory"
      },
      {
        "subject": "IT-305",
        "professor": "STS",
        "room": "LB-5",
        "type": "theory"
      },
      {
        "subject": "break"
      },
      {
        "subject": "break"
      },
      {
        "subject": "break"
      },
      {
        "subject": "break"
      },
      {
        "subject": "break"
      },
      {
        "subject": "break"
      }
    ],
    [
      {
        "subject" : "break"
      },
      {
        "subject": "IT-305",
        "professor": "STS",
        "type": "theory",
        "room": "24/V"
      },
      {
        "subject": "IT-303",
        "professor": "DPK",
        "type": "theory",
        "room": "24/V"
      },
      {
        "subject": "IT-301",
        "professor": "AMM",
        "type": "theory",
        "room": "24/V"
      },
      {
        "subject": "IT-302",
        "professor": "ANB",
        "type": "theory",
        "room": "24/V"
      },
      {
        "subject": "break"
      },
      {
        "subject": "break"
      },
      {
        "subject": "break"
      },
      {
        "subject": "break"
      },
      {
        "subject": "break"
      }
    ],
    [
      {
        "subject" : "break"
      },
      {
        "subject": "IT-306,IT-307",
        "type": "lab",
        "professorFH": "JYT",
        "roomFH": "201/V",
        "professorSH": "DPK",
        "roomSH": "112/IV"
      },
      {
        "subject": "IT-306,IT-307",
        "type": "lab",
        "professorFH": "JYT",
        "roomFH": "201/V",
        "professorSH": "DPK",
        "roomSH": "112/IV"
      },
      {
        "subject": "IT-304",
        "professor": "DPS",
        "room": "24/V",
        "type": "theory"
      },
      {
        "subject": "IT-301",
        "professor": "AMM",
        "room": "24/V",
        "type": "theory"
      },
      {
        "subject": "lunch break"
      },
      {
        "subject": "IT-303",
        "professor": "DPK",
        "room": "24/V",
        "type": "theory"
      },
      {
        "subject": "IT-309",
        "professor": "TS",
        "room": "24/V",
        "type": "theory"
      },
      {
        "subject": "IT-302",
        "professor": "ANB",
        "room": "24/V",
        "type": "theory"
      },
      {
        "subject": "break"
      }
    ],
    [
      {
        "subject" : "break"
      },
      {
        "subject": "IT-302",
        "professor": "ANB",
        "type": "theory",
        "room": "24/V"
      },
      {
        "subject": "IT-309",
        "professor": "TS",
        "room": "24/V",
        "type": "theory"
      },
      {
        "subject": "IT-308",
        "type": "lab",
        "professorFH": "JYT",
        "roomFH": "203/V",
        "professorSH": "STS",
        "roomSH": "201/V"
      },
      {
        "subject": "IT-308",
        "type": "lab",
        "professorFH": "JYT",
        "roomFH": "203/V",
        "professorSH": "STS",
        "roomSH": "201/V"
      },
      {
        "subject": "lunch break"
      },
      {
        "subject": "IT-305",
        "professor": "STS",
        "type": "theory",
        "room": "24/V"
      },
      {
        "subject": "IT-304",
        "professor": "DPS",
        "room": "24/V",
        "type": "theory"
      },
      {
        "subject": "IT-301",
        "professor": "AMM",
        "room": "24/V",
        "type": "theory"
      },
      {
        "subject" : "break"
      }
    ],
    [
      {
        "subject" : "break"
      },
      {
        "subject": "break"
      },
      {
        "subject": "break"
      },
      {
        "subject": "break"
      },
      {
        "subject": "break"
      },
      {
        "subject": "break"
      },
      {
        "subject": "break"
      },
      {
        "subject": "break"
      },
      {
        "subject": "break"
      },
      {
        "subject" : "break"
      }
    ],
    [
      {
        "subject" : "break"
      },
      {
        "subject": "break"
      },
      {
        "subject": "break"
      },
      {
        "subject": "break"
      },
      {
        "subject": "break"
      },
      {
        "subject": "break"
      },
      {
        "subject": "break"
      },
      {
        "subject": "break"
      },
      {
        "subject": "break"
      },
      {
        "subject" : "break"
      }
    ]
  ]
}