{
  "metadata":{
    "branch" : "IT",
    "semester" : 3,
    "section": 2,
    "last_updated" : "6-8-2015"
  },
  "subjects": [
    {
      "code": "IT-201",
      "title": "Data Structures"
    },
    {
      "code": "IT-202",
      "title": "Digital Circuits And Systems"
    },
    {
      "code": "IT-203",
      "title": "Analog Electronics"
    },
    {
      "code": "IT-204",
      "title": "Engineering Mathematics"
    },
    {
      "code": "IT-205",
      "title": "Organizational Management"
    },
    {
      "code": "IT-206",
      "title": "Data Structures Lab"
    },
    {
      "code": "IT-207",
      "title": "Digital Circuits And Systems Lab"
    },
    {
      "code": "IT-208",
      "title": "Analog Electronics Lab"
    },
    {
      "code": "IT-209",
      "title": "Programming I Lab"
    }
],
  "professors": [
    {
      "codename": "GRI",
      "fullname": "Gaurav Indra"
    },
    {
      "codename": "PRK",
      "fullname": "Pragya Kuchhal"
    },
    {
      "codename": "RBA",
      "fullname": "Richa Barsainya"
    },
    {
      "codename": "JKS",
      "fullname": "JK Singh"
    },
    {
      "codename": "DAK",
      "fullname": "Duru Arjun Kumar"
    },
    {
      "codename": "GAG",
      "fullname": "Gargi"
    },
    {
      "codename": "DPS",
      "fullname": "Deepak Kumar Sharma"
    },
    {
      "codename": "PG",
      "fullname": "Parul Garg"
    },
    {
      "codename": "SD",
      "fullname": "Shilpa Dua"
    },
    {
      "codename": "JS",
      "fullname": "Jyotsna Singh"
    },
    {
      "codename": "UB",
      "fullname": "Urvashi Bansal"
    }
  ],
  "timetable": [
    [
      {
        "subject": "IT-205",
        "professor": "DAK",
        "type": "theory",
        "room": "306/V"
      },
      {
        "subject": "IT-204",
        "professor": "JKS",
        "type": "theory",
        "room": "306/V"
      },
      {
        "subject": "IT-201",
        "professor": "GRI",
        "room": "306/V",
        "type": "theory"
      },
      {
        "subject": "IT-206, IT-209",
        "type": "lab",
        "professorFH": "DPS",
        "roomFH": "202/V",
        "professorSH": "ARK",
        "roomSH": "203/V"
      },
      {
        "subject": "IT-206, IT-209",
        "type": "lab",
        "professorFH": "DPS",
        "roomFH": "202/V",
        "professorSH": "ARK",
        "roomSH": "203/V"
      },
      {
        "subject": "lunch break"
      },
      {
        "subject": "IT-203",
        "professor": "KMP",
        "room": "306/V",
        "type": "theory"
      },
      {
        "subject": "break"
      },
      {
        "subject": "break"
      },
      {
        "subject": "break"
      }
    ],
    [
      {
        "subject": "break"
      },
      {
        "subject": "IT-206(SH)",
        "professorFH": "GAG",
        "type": "lab",
        "roomFH": "203/V",
        "professorSH": "",
        "roomSH": ""
      },
      {
        "subject": "IT-206(SH)",
        "professorFH": "GAG",
        "type": "lab",
        "roomFH": "203/V",
        "professorSH": "",
        "roomSH": ""
      },
      {
        "subject": "IT-202",
        "professor": "PRK",
        "type": "theory",
        "room": "306/V"
      },
      {
        "subject": "IT-205",
        "professor": "DAK",
        "type": "theory",
        "room": "306/V"
      },
      {
        "subject": "lunch break"
      },
      {
        "subject": "IT-209(FH)",
        "professorFH": "GRI",
        "type": "lab",
        "roomFH": "203/V",
        "professorSH": "",
        "roomSH": ""
      },
      {
        "subject": "IT-209(FH)",
        "professorFH": "GRI",
        "type": "lab",
        "roomFH": "203/V",
        "professorSH": "",
        "roomSH": ""
      },
      {
        "subject": "break"
      },
      {
        "subject": "break"
      }
    ],
    [
      {
        "subject": "IT-201",
        "professor": "GRI",
        "room": "103/8A",
        "type": "theory"
      },
      {
        "subject": "IT-205",
        "professor": "DAK",
        "type": "theory",
        "room": "103/8A"
      },
      {
        "subject": "IT-202",
        "professor": "PRK",
        "type": "theory",
        "room": "103/8A"
      },
      {
        "subject": "IT-207, IT-208",
        "type": "lab",
        "professorFH": "PG",
        "roomFH": "102/IV",
        "professorSH": "UB",
        "roomSH": "12(A)/IV"
      },
      {
        "subject": "IT-207, IT-208",
        "type": "lab",
        "professorFH": "PG",
        "roomFH": "102/IV",
        "professorSH": "UB",
        "roomSH": "12(A)/IV"
      },
      {
        "subject": "lunch break"
      },
      {
        "subject": "IT-203",
        "professor": "KMP",
        "room": "24/V",
        "type": "theory"
      },
      {
        "subject": "IT-204",
        "professor": "JKS",
        "room": "24/V",
        "type": "theory"
      },
      {
        "subject": "break"
      },
      {
        "subject": "break"
      }
    ],
    [
      {
        "subject": "IT-205",
        "professor": "DAK",
        "type": "theory",
        "room": "24/V"
      },
      {
        "subject": "IT-203",
        "professor": "KMP",
        "room": "24/V",
        "type": "theory"
      },
      {
        "subject": "IT-202",
        "professor": "PRK",
        "type": "theory",
        "room": "24/V"
      },
      {
        "subject": "IT-201",
        "professor": "GRI",
        "room": "306/V",
        "type": "theory"
      },
      {
        "subject": "lunch break"
      },
      {
        "subject": "IT-204",
        "professor": "JKS",
        "room": "24/V",
        "type": "theory"
      },
      {
        "subject": "break"
      },
      {
        "subject": "break"
      },
      {
        "subject": "break"
      },
      {
        "subject": "break"
      }
    ],
    [
      {
        "subject": "IT-203",
        "professor": "KMP",
        "room": "306/V",
        "type": "theory"
      },
      {
        "subject": "IT-202",
        "professor": "PRK",
        "type": "theory",
        "room": "306/V"
      },
      {
        "subject": "IT-204",
        "professor": "JKS",
        "room": "306/V",
        "type": "theory"
      },
      {
        "subject": "IT-207, IT-208",
        "type": "lab",
        "professorFH": "JS",
        "roomFH": "12(B)/IV",
        "professorSH": "SD",
        "roomSH": "102/IV"
      },
      {
        "subject": "IT-207, IT-208",
        "type": "lab",
        "professorFH": "JS",
        "roomFH": "12(B)/IV",
        "professorSH": "SD",
        "roomSH": "102/IV"
      },
      {
        "subject": "lunch break"
      },
      {
        "subject": "IT-201",
        "professor": "GRI",
        "room": "306/v",
        "type": "theory"
      },
      {
        "subject": "break"
      },
      {
        "subject": "break"
      },
      {
        "subject": "break"
      }
    ],
    [
      {
        "subject": "break"
      },
      {
        "subject": "break"
      },
      {
        "subject": "break"
      },
      {
        "subject": "break"
      },
      {
        "subject": "break"
      },
      {
        "subject": "break"
      },
      {
        "subject": "break"
      },
      {
        "subject": "break"
      },
      {
        "subject": "break"
      },
      {
        "subject": "break"
      }
    ],
    [
      {
        "subject": "break"
      },
      {
        "subject": "break"
      },
      {
        "subject": "break"
      },
      {
        "subject": "break"
      },
      {
        "subject": "break"
      },
      {
        "subject": "break"
      },
      {
        "subject": "break"
      },
      {
        "subject": "break"
      },
      {
        "subject": "break"
      },
      {
        "subject": "break"
      }
    ]
  ]
}