{
  "metadata":{
    "branch" : "IT",
    "semester" : 5,
    "section": 2,
    "last_updated" : "4-9-2015"
  },
  "subjects": [
    {
      "code": "IT-301",
      "title": "Design and Analysis of Algorithms"
    },
    {
      "code": "IT-302",
      "title": "Object Oriented Technology"
    },
    {
      "code": "IT-303",
      "title": "Microprocessor and Applications"
    },
    {
      "code": "IT-304",
      "title": "RDBMS"
    },
    {
      "code": "IT-305",
      "title": "Computer Networks"
    },
    {
      "code": "IT-306",
      "title": "Microprocessors Lab"
    },
    {
      "code": "IT-307",
      "title": "RDBMS Lab"
    },
    {
      "code": "IT-308",
      "title": "Networking Lab"
    },
    {
      "code": "IT-309",
      "title": "Technical and Business Communication Lab"
    }
  ],
  "professors": [
    {
      "codename": "DPS",
      "fullname": "Deepak kumar Sharma"
    },
    {
      "codename": "STS",
      "fullname": "Satish Singh"
    },
    {
      "codename": "ARK",
      "fullname": "Arun Kumar"
    },
    {
      "codename": "DPK",
      "fullname": "Deepika Kukreja"
    },
    {
      "codename": "JYT",
      "fullname": "Jyoti"
    },
    {
      "codename": "ANY",
      "fullname": "Anuradha Yadav"
    },
    {
      "codename": "VKM",
      "fullname": "Vikas Kumar Maheshkar"
    },
    {
      "codename": "GAG",
      "fullname": "Gargi"
    },
    {
      "codename": "GF",
      "fullname": "Guest Faculty"
    }
  ],
  "timetable": [
    [
      
      {
        "subject": "break"
      },
      {
        "subject": "break"
      },
      {
        "subject": "IT-305",
        "professor": "JYT",
        "type": "theory",
        "room": "24/V"
      },      
      {
        "subject": "IT-302",
        "professor": "PRB",
        "type": "theory",
        "room": "24/V"
      },
      {
        "subject": "lunch break"

      },
      {
        "subject": "IT-304",
        "professor": "DPS",
        "type": "theory",
        "room": "102/8A"
      },
      {
        "subject": "IT-303",
        "professor": "DPK",
        "type": "theory",
        "room": "102/8A"
      },
      {
        "subject": "IT-301",
        "professor": "APS",
        "type": "theory",
        "room": "102/8A"
      },
      {
        "subject": "break"
      }
    ],
    [

      {
        "subject": "IT-309",
        "professor": "GF",
        "room": "103/8A",
        "type": "theory"
      },
      {
        "subject": "IT-305",
        "professor": "JYT",
        "type": "theory",
        "room": "103/8A"
      },
      {
        "subject": "IT-309",
        "professor": "GF",
        "room": "103/8A",
        "type": "theory"
      },
      {
        "subject": "IT-304",
        "professor": "DPS",
        "room": "103/8A",
        "type": "theory"
      },
      {
        "subject": "lunch break"
      },
      {
        "subject": "IT-301",
        "professor": "APS",
        "room": "102/8A",
        "type": "theory"
      },
      {
        "subject": "break"
      },
      {
        "subject": "break"
      },
      {
        "subject" : "break"
      }
    ],
    [
      {
        "subject" : "break"
      },
      {
        "subject": "IT-306,IT-307",
        "type": "lab",
        "professorFH": "SDK+ARK",
        "roomFH": "112/IV",
        "professorSH": "JYT",
        "roomSH": "203/V"
      },
      {
        "subject": "IT-306,IT-307",
        "type": "lab",
        "professorFH": "SDK+ARK",
        "roomFH": "112/IV",
        "professorSH": "JYT",
        "roomSH": "203/V"
      },
      {
        "subject": "IT-304",
        "professor": "DPS",
        "room": "102/8A",
        "type": "theory"
      },
      {
        "subject": "IT-301",
        "professor": "APS",
        "room": "102/8A",
        "type": "theory"
      },
      {
        "subject": "lunchbreak"
      },
      {
        "subject": "IT-303",
        "professor": "DPK",
        "room": "103/8A",
        "type": "theory"
      },
      {
        "subject": "IT-302",
        "professor": "PRB",
        "room": "103/8A",
        "type": "theory"
      },
      {
        "subject": "IT-305",
        "professor": "JYT",
        "room": "103/8A",
        "type": "theory"
      },
      {
        "subject" : "break"
      }
    ],
    [
      {
        "subject" : "break"
      },
      {
        "subject": "IT-308",
        "type": "lab",
        "professorFH": "STS",
        "roomFH": "202/V",
        "professorSH": "ANB+ANY",
        "roomSH": "203/V"
      },
      {
        "subject": "IT-308",
        "type": "lab",
        "professorFH": "STS",
        "roomFH": "202/V",
        "professorSH": "ANB+ANY",
        "roomSH": "203/V"
      },
      {
        "subject": "IT-302",
        "professor": "PRB",
        "room": "103/8A",
        "type": "theory"
      },
      {
        "subject": "IT-303",
        "professor": "DPK",
        "type": "theory",
        "room": "103/8A"
      },
      {
        "subject": "lunch break"
      },
      {
        "subject": "IT-305",
        "professor": "JYT",
        "room": "102/8A",
        "type": "theory"
      },
      {
        "subject": "IT-306,IT-307",
        "type": "lab",
        "professorFH": "DPS",
        "roomFH": "203/V",
        "professorSH": "STS+ARK",
        "roomSH": "112/IV"
      },
      {
        "subject": "IT-306,IT-307",
        "type": "lab",
        "professorFH": "DPS",
        "roomFH": "203/V",
        "professorSH": "STS+ARK",
        "roomSH": "112/IV"
      },
      {
        "subject" : "break"
      }
      
    ],
    [
      {
        "subject": "IT-301",
        "professor": "APS",
        "room": "103/8A",
        "type": "theory"
      },
      {
        "subject": "IT-303",
        "professor": "DPK",
        "type": "theory",
        "room": "103/8A"
      },
      {
        "subject": "IT-302",
        "professor": "PRB",
        "room": "103/8A",
        "type": "theory"
      },
      
      {
        "subject": "IT-304",
        "professor": "DPS",
        "room": "103/8A",
        "type": "theory"
      },
      
      {
        "subject": "lunch break"
      },
      {
        "subject": "break"
      },
      {
        "subject": "break"
      },
      {
        "subject": "break"
      },
      {
        "subject" : "break"
      }
    ],
    [
      {
        "subject" : "break"
      },
      {
        "subject": "break"
      },
      {
        "subject": "break"
      },
      {
        "subject": "break"
      },
      {
        "subject": "break"
      },
      {
        "subject": "break"
      },
      {
        "subject": "break"
      },
      {
        "subject": "break"
      },
      {
        "subject": "break"
      },
      {
        "subject" : "break"
      }
    ],
    [
      {
        "subject" : "break"
      },
      {
        "subject" : "break"
      },
      {
        "subject": "break"
      },
      {
        "subject": "break"
      },
      {
        "subject": "break"
      },
      {
        "subject": "break"
      },
      {
        "subject": "break"
      },
      {
        "subject": "break"
      },
      {
        "subject": "break"
      },
      {
        "subject": "break"
      }
    ]
  ]
}