{
  "metadata":{
    "branch" : "IT",
    "semester" : 3,
    "section": 1,
    "last_updated" : "6-8-2015"
  },
  "subjects": [
    {
      "code": "IT-201",
      "title": "Data Structures"
    },
    {
      "code": "IT-202",
      "title": "Digital Circuits And Systems"
    },
    {
      "code": "IT-203",
      "title": "Analog Electronics"
    },
    {
      "code": "IT-204",
      "title": "Engineering Mathematics"
    },
    {
      "code": "IT-205",
      "title": "Organizational Management"
    },
    {
      "code": "IT-206",
      "title": "Data Structures Lab"
    },
    {
      "code": "IT-207",
      "title": "Digital Circuits And Systems Lab"
    },
    {
      "code": "IT-208",
      "title": "Analog Electronics Lab"
    },
    {
      "code": "IT-209",
      "title": "Programming I Lab"
    }
],
  "professors": [
    {
      "codename": "AMM",
      "fullname": "Amarjeet Malhotra"
    },
    {
      "codename": "KS",
      "fullname": "Karishma Sharma"
    },
    {
      "codename": "KMP",
      "fullname": "K M Paul"
    },
    {
      "codename": "JKS",
      "fullname": "JK Singh"
    },
    {
      "codename": "PD",
      "fullname": "Pankaj Deshwal"
    },
    {
      "codename": "ANY",
      "fullname": "Anuradha Yadav"
    },
    {
      "codename": "DPS",
      "fullname": "Deepak Kumar Sharma"
    },
    {
      "codename": "UG",
      "fullname": "Usha Gautam"
    },
    {
      "codename": "KWS",
      "fullname": "Kawar Singh"
    },
    {
      "codename": "SM",
      "fullname": "Shailesh Mishra"
    }
  ],
  "timetable": [
    [
      {
        "subject": "break"
      },
      {
        "subject": "IT-208, IT-207",
        "type": "lab",
        "professorFH": "KWS",
        "roomFH": "12(B)/IV",
        "professorSH": "UG",
        "roomSH": "102/IV"
      },
      {
        "subject": "IT-208, IT-207",
        "type": "lab",
        "professorFH": "KWS",
        "roomFH": "12(B)/IV",
        "professorSH": "UG",
        "roomSH": "102/IV"
      },
      {
        "subject": "IT-201",
        "professor": "AMM",
        "type": "theory",
        "room": "306/V"
      },
      {
        "subject": "IT-204",
        "professor": "JKS",
        "type": "theory",
        "room": "306/V"
      },
      {
        "subject": "break"
      },
      {
        "subject": "break"
      },
      {
        "subject": "break"
      },
      {
        "subject": "break"
      },
      {
        "subject": "break"
      }
      
    ],
    [
      {
        "subject": "IT-201",
        "professor": "AMM",
        "room": "306/V",
        "type": "theory"
      },
      {
        "subject": "IT-204",
        "professor": "JKS",
        "type": "theory",
        "room": "306/V"
      },
      {
        "subject": "IT-203",
        "professor": "KMP",
        "room": "306/V",
        "type": "theory"
      },
      {
        "subject": "IT-206, IT-209",
        "type": "lab",
        "professorFH": "ANY",
        "roomFH": "203/V",
        "professorSH": "AMM",
        "roomSH": "201/V"
      },
      {
        "subject": "IT-206, IT-209",
        "type": "lab",
        "professorFH": "ANY",
        "roomFH": "203/V",
        "professorSH": "AMM",
        "roomSH": "201/V"
      },
      {
        "subject": "lunch break"
      },     
      {
        "subject": "IT-205",
        "professor": "PD",
        "room": "306/V",
        "type": "theory"
      },
      {
        "subject": "IT-202",
        "professor": "KS",
        "type": "theory",
        "room": "306/V"
      },
      {
        "subject": "break"
      },
      {
        "subject": "break"
      }
    ],
    [
      {
        "subject": "break"
      },      
      {
        "subject": "IT-201",
        "professor": "AMM",
        "room": "306/V",
        "type": "theory"
      },
      {
        "subject": "IT-202",
        "professor": "KS",
        "type": "theory",
        "room": "306/V"
      },
      {
        "subject": "IT-203",
        "professor": "KMP",
        "room": "306/V",
        "type": "theory"
      },
      {
        "subject": "IT-204",
        "professor": "JKS",
        "type": "theory",
        "room": "306/V"
      },
      {
        "subject": "lunch break"
      },
      {
        "subject": "IT-206, IT-209",
        "type": "lab",
        "professorFH": "AMM",
        "roomFH": "203/V",
        "professorSH": "DPS",
        "roomSH": "202/V"
      },
      {
        "subject": "IT-206, IT-209",
        "type": "lab",
        "professorFH": "AMM",
        "roomFH": "203/V",
        "professorSH": "DPS",
        "roomSH": "202/V"
      },
      {
        "subject": "IT-205",
        "professor": "PD",
        "room": "306/V",
        "type": "theory"
      },
      {
        "subject": "break"
      }
    ],
    [
      {
        "subject": "IT-202",
        "professor": "KS",
        "type": "theory",
        "room": "306/V"
      },
      {
        "subject": "IT-204",
        "professor": "JKS",
        "type": "theory",
        "room": "306/V"
      },
      {
        "subject": "IT-201",
        "professor": "AMM",
        "room": "306/V",
        "type": "theory"
      },
      {
        "subject": "IT-208, IT-207",
        "type": "lab",
        "professorFH": "KS",
        "roomFH": "102/IV",
        "professorSH": "SM",
        "roomSH": "12(A)/IV"
      },
      {
        "subject": "IT-208, IT-207",
        "type": "lab",
        "professorFH": "KS",
        "roomFH": "102/IV",
        "professorSH": "SM",
        "roomSH": "12(A)/IV"
      },
      {
        "subject": "lunch break"
      },
      {
        "subject": "IT-205",
        "professor": "PD",
        "room": "306/V",
        "type": "theory"
      },
      {
        "subject": "IT-203",
        "professor": "KMP",
        "room": "306/V",
        "type": "theory"
      },
      {
        "subject": "break"
      },
      {
        "subject": "break"
      }
    ],
    [
      {
        "subject": "break"
      },
      {
        "subject": "break"
      },
      {
        "subject": "break"
      },
      {
        "subject": "IT-202",
        "professor": "KS",
        "type": "theory",
        "room": "306/V"
      },
      {
        "subject": "IT-205",
        "professor": "PD",
        "room": "306/V",
        "type": "theory"
      },
      {
        "subject": "lunch break"
      },
      {
        "subject": "IT-203",
        "professor": "KMP",
        "room": "306/V",
        "type": "theory"
      },
      {
        "subject": "break"
      },
      {
        "subject": "break"
      },
      {
        "subject": "break"
      }
    ],
    [
      {
        "subject": "break"
      },
      {
        "subject": "break"
      },
      {
        "subject": "break"
      },
      {
        "subject": "break"
      },
      {
        "subject": "break"
      },
      {
        "subject": "break"
      },
      {
        "subject": "break"
      },
      {
        "subject": "break"
      },
      {
        "subject": "break"
      },
      {
        "subject": "break"
      }
    ],
    [
      {
        "subject": "break"
      },
      {
        "subject": "break"
      },
      {
        "subject": "break"
      },
      {
        "subject": "break"
      },
      {
        "subject": "break"
      },
      {
        "subject": "break"
      },
      {
        "subject": "break"
      },
      {
        "subject": "break"
      },
      {
        "subject": "break"
      },
      {
        "subject": "break"
      }
    ]
  ]
}