{
  "metadata":{
    "branch" : "MA",
    "semester" : 7,
    "section": 2,
    "last_updated" : "8-1-2015"
  },
  "subjects": [
    {
      "code": "MA-401",
      "title": "Introduction to CAD and Product design"
    },
    {
      "code": "MA-402",
      "title": "Moderate methods of Manufacturing"
    },
    {
      "code": "MA-403",
      "title": "Industrial Electronics"
    },
    {
      "code": "MA-404",
      "title": "Elective I"
    },
    {
      "code": "MA-405",
      "title": "Elective II"
    },
    {
      "code": "MA-406",
      "title": "CAD Lab"
    },
    {
      "code": "MA-407",
      "title": "Moderate Methods of Manufacturing Lab"
    },
    {
      "code": "MA-408",
      "title": "Industrial Electronics Lab"
    },
     {
      "code": "MA-409",
      "title": "Practical Training"
    } , {
      "code": "MA-410",
      "title": "Programming V (AUTOCAD)"
    }


  ],
  "professors": [
    {
      "codename": "SM",
      "fullname": ""
    },
    {
      "codename": "PKS",
      "fullname": ""
    },
    {
      "codename": "SANG",
      "fullname": ""
    },
    {
      "codename": "PRG",
      "fullname": ""
    },
    {
      "codename": "AVM",
      "fullname": ""
    },
    {
      "codename": "PRB",
      "fullname":""
    },

       {
      "codename": "AT",
      "fullname": ""
    } ,

       {
      "codename": "MAS",
      "fullname": ""
    } ,


       {
      "codename": "US",
      "fullname": ""
    }

  ],
  "timetable": [
    [
      {
        "subject": "break"    },
      {
        "subject": "break"    },
      {
        "subject": "break"    },
      {
        "subject": "break"    },
  {
        "subject": "MA-402",
        "professor": "SM",
        "type": "theory",
        "room": "127/VI"
      } ,   
      {
        "subject": "break"    },
      {
        "subject": "MA-406 (FH),MA-407 (SH)",
        "type": "lab",
        "professorFH": "AT",
        "roomFH": "",
        "professorSH": "SM",
        "roomSH": ""
      } ,


{
        "subject": "break"    } 
  ] , [ 
{
        "subject": "break"    } 
,
      {
        "subject": "MA-405 (PM),MA-405 R/CAM",
        "type": "lab",
        "professorFH": "MDS",
        "roomFH": "127/VI",
        "professorSH": "VYA",
        "roomSH": "LB-3"
      } ,

{
        "subject": "MA-403",
        "professor": "PKS",
        "type": "theory",
        "room": "127/VI"
      },
{
        "subject": "MA-401",
        "professor": "AT",
        "type": "theory",
        "room": "127/VI"
      },

{
        "subject": "break"    } 
,
{
        "subject": "break"    } 
,

 {
        "subject": "MA-401",
        "professor": "SANG",
        "type": "theory",
        "room": "LB-1"
      }, {
        "subject": "MA-402",
        "professor": "PRB",
        "type": "theory",
        "room": "LB-1"
      } , 
   {
        "subject": "break"    }

 ],
    [
      {
        "subject": "break"
      },

  {
        "subject": "MA-402",
        "professor": "SM",
        "type": "theory",
        "room": "13/VI"
      },    {
        "subject": "MA-408 FH,MA-410 SH",
        "type": "lab",
        "professorFH": "PRG",
        "roomFH": "",
        "professorSH": "PRB",
        "roomSH": ""
      } ,
 {
        "subject": "MA-403",
        "professor": "PKS",
        "type": "theory",
        "room": "13/VI"
      }  , 
      {
        "subject": "break"
      },

{
        "subject": "MA-404",
        "professor": "AVM",
        "type": "theory",
        "room": "LB-3"
      }  ,      
{
        "subject": "MA-402",
        "professor": "PRB",
        "type": "theory",
        "room": "LB-3"
      }  ,      
{
        "subject": "MA-404",
        "professor": "US",
        "type": "theory",
        "room": "LB-3"
      }  ,      


   
{
        "subject": "break"
      }


],
    [
   {
        "subject": " break"
      },
      {
        "subject": "MA-405 (PM),MA-405 R/CAM",
        "type": "lab",
        "professorFH": "MDS",
        "roomFH": "127/VI",
        "professorSH": "VYA",
        "roomSH": "LB-3"
      } ,

  
{
        "subject": "MA-401",
        "professor": "SANG",
        "type": "theory",
        "room": "127/VI"
      } ,   
{
        "subject": "MA-403",
        "professor": "PKS",
        "type": "theory",
        "room": "127/VI"
      } ,

 {
        "subject": "break" } ,
{
        "subject": "MA-401",
        "professor": "AT",
        "type": "theory",
        "room": "LB-3"
      } 

,  {
        "subject": "MA-408 SH,MA-410 FH",
        "type": "lab",
        "professorFH": "MAS",
        "roomFH": "",
        "professorSH": "AT",
        "roomSH": ""
      } 
   ,  {
        "subject": "break"
      }
  ],
    [
      {
        "subject": "break"
      },
{
        "subject": "MA-403",
        "professor": "PKS",
        "type": "theory",
        "room": "LB-3"
      } ,
{
        "subject": "MA-404",
        "professor": "AVM",
        "type": "theory",
        "room": "LB-3"
      } ,

  {
        "subject": "MA-404",
        "professor": "US",
        "room": "LB-2",
        "type": "theory"
      },  
     
{
        "subject": "break"
      },

    {
        "subject": "MA-406 SH,MA-407 FH",
        "type": "lab",
        "professorFH": "SANG",
        "roomFH": "",
        "professorSH": "PRB",
        "roomSH": ""
      } ,  {
        "subject": "break"
      }   ],
    [
      {
        "subject": "break"
      },
      {
        "subject": "break"
      },
      {
        "subject": "break"
      },
      {
        "subject": "break"
      },
      {
        "subject": "break"
      },
      {
        "subject": "break"
      },
      {
        "subject": "break"
      },
      {
        "subject": "break"
      },
      {
        "subject": "break"
      },      
      {
        "subject": "break"
      }
    ]
  ]
}



